Fagkode;Fylke;Skolenavn;20-21.SE.G.SK;20-21.SE.G.AE;20-21.SE.J.SK;20-21.SE.J.AE;20-21.SP.G.SK;20-21.SP.G.AE;20-21.SP.J.SK;20-21.SP.J.AE;21-22.SE.G.SK;21-22.SE.G.AE;21-22.SE.J.SK;21-22.SE.J.AE;21-22.SP.G.SK;21-22.SP.G.AE;21-22.SP.J.SK;21-22.SP.J.AE;22-23.SE.G.SK;22-23.SE.G.AE;22-23.SE.J.SK;22-23.SE.J.AE;22-23.SP.G.SK;22-23.SP.G.AE;22-23.SP.J.SK;22-23.SP.J.AE;23-24.SE.G.SK;23-24.SE.G.AE;23-24.SE.J.SK;23-24.SE.J.AE;23-24.SP.G.SK;23-24.SP.G.AE;23-24.SP.J.SK;23-24.SP.J.AE;24-25.SE.G.SK;24-25.SE.G.AE;24-25.SE.J.SK;24-25.SE.J.AE;24-25.SP.G.SK;24-25.SP.G.AE;24-25.SP.J.SK;24-25.SP.J.AE
NOR1267;Alle fylker;Alle skoler;;;;;;;;;;;;;;;;;4,1;2 790;4,5;3 851;3,9;10 452;4,4;13 082;3,5;10 227;3,9;13 179;3,9;10 377;4,4;13 359;3,5;10 147;3,9;12 879;3,9;10 257;4,4;12 994
NOR1267;Alle fylker;Alle skoler;;;;;;;;;;;;;;;;;4,1;2 790;4,5;3 851;3,9;10 452;4,4;13 082;3,5;10 227;3,9;13 179;3,9;10 377;4,4;13 359;3,5;10 147;3,9;12 879;3,9;10 257;4,4;12 994
NOR1267;Agder;Alle skoler;;;;;;;;;;;;;;;;;4,2;99;4,9;160;3,7;544;4,4;700;3,5;533;3,8;654;3,8;539;4,2;658;3,5;480;3,9;726;3,9;482;4,4;730
NOR1267;Agder;Akademiet Kristiansand AS;;;;;;;;;;;;;;;;;*;*;*;*;3,7;13;4,3;11;*;*;*;*;*;*;*;*;3,2;6;3,7;12;3,3;6;4,3;12
NOR1267;Agder;Arendal videregående skole avd Tyholmen;;;;;;;;;;;;;;;;;4,2;14;*;*;*;*;4,4;71;3,6;71;3,9;75;3,7;72;4,4;75;*;*;*;*;*;*;*;*
NOR1267;Agder;Dahlske videregående skole;;;;;;;;;;;;;;;;;4,9;11;*;*;*;*;*;*;3,8;47;3,7;52;3,6;48;3,8;52;*;*;*;*;*;*;*;*
NOR1267;Agder;Drottningborg Vgs AS;;;;;;;;;;;;;;;;;*;*;*;*;4,2;21;4,3;46;3,3;24;4,0;41;3,8;24;4,3;41;3,8;23;4,0;41;3,6;23;4,0;42
NOR1267;Agder;Eilert Sundt videregående skole Studiested Farsund;;;;;;;;;;;;;;;;;*;*;*;*;3,7;26;4,6;31;*;*;*;*;*;*;*;*;*;*;*;*;*;*;*;*
NOR1267;Agder;Flekkefjord videregående skole Studiested Flekkefjord;;;;;;;;;;;;;;;;;*;*;*;*;*;*;*;*;3,2;21;*;*;3,9;21;*;*;3,5;27;3,7;35;4,3;27;4,8;36
NOR1267;Agder;Kristiansand katedralskole Gimle;;;;;;;;;;;;;;;;;4,0;26;5,0;36;3,6;141;4,5;133;3,7;135;4,0;119;4,1;136;4,4;121;3,7;98;4,0;152;4,2;99;4,6;152
NOR1267;Agder;Kvs-Lyngdal AS;;;;;;;;;;;;;;;;;*;*;*;*;4,4;16;4,8;38;*;*;*;*;*;*;*;*;*;*;*;*;*;*;*;*
NOR1267;Agder;Lillesand videregående skole;;;;;;;;;;;;;;;;;*;*;*;*;3,2;22;4,4;31;3,9;21;3,7;26;4,2;22;4,0;26;3,6;28;4,0;26;4,3;28;4,7;26
NOR1267;Agder;Mandal videregående skole;;;;;;;;;;;;;;;;;*;*;4,8;11;3,8;33;4,2;44;3,7;34;4,1;47;3,9;34;4,2;47;3,5;18;3,8;55;3,5;18;3,9;55
NOR1267;Agder;Oasen videregående skole AS;;;;;;;;;;;;;;;;;*;*;;;*;*;*;*;;;*;*;;;*;*;*;*;*;*;*;*;*;*
NOR1267;Agder;Risør videregående skole;;;;;;;;;;;;;;;;;;;*;*;*;*;*;*;3,3;14;*;*;3,6;14;*;*;3,2;11;3,9;12;3,7;11;4,8;12
NOR1267;Agder;Setesdal vidaregåande skule;;;;;;;;;;;;;;;;;;;*;*;3,6;16;4,0;27;3,3;20;4,1;20;3,3;20;4,1;20;3,8;25;4,2;26;3,7;26;4,1;26
NOR1267;Agder;Smi-Skolen i Agder;;;;;;;;;;;;;;;;;*;*;*;*;*;*;*;*;*;*;*;*;*;*;*;*;*;*;*;*;*;*;*;*
NOR1267;Agder;Tangen videregående skole;;;;;;;;;;;;;;;;;*;*;*;*;3,5;28;4,2;46;2,9;27;3,5;57;3,4;27;4,1;58;3,3;28;3,8;60;3,7;28;4,4;60
NOR1267;Agder;Tvedestrand videregående skole;;;;;;;;;;;;;;;;;4,3;8;*;*;3,8;23;4,2;26;4,4;7;3,9;22;4,3;8;4,2;22;*;*;3,8;28;*;*;4,5;29
NOR1267;Agder;Vennesla videregående skole;;;;;;;;;;;;;;;;;*;*;*;*;3,4;19;4,4;23;3,1;24;3,5;22;4,5;24;4,6;22;3,8;16;3,9;11;3,6;16;4,2;11
NOR1267;Agder;Vågsbygd videregående skole;;;;;;;;;;;;;;;;;*;*;4,9;9;3,8;44;4,4;58;3,3;40;3,8;41;3,5;40;4,2;41;3,2;48;3,7;46;3,9;48;4,5;46
NOR1267;Akershus;Alle skoler;;;;;;;;;;;;;;;;;;;;;;;;;3,5;1 795;3,9;1 947;4,0;1 815;4,4;1 968;3,5;1 855;3,9;2 042;3,9;1 871;4,4;2 057
NOR1267;Akershus;Akademiet Vgs Sandvika AS;;;;;;;;;;;;;;;;;;;;;;;;;;;;;;;;;*;*;*;*;*;*;*;*
NOR1267;Akershus;Asker videregående skole;;;;;;;;;;;;;;;;;*;*;*;*;4,5;76;4,8;98;4,0;67;4,4;97;4,6;67;4,9;99;3,9;87;4,1;123;4,3;87;4,7;124
NOR1267;Akershus;Bjertnes videregående skole;;;;;;;;;;;;;;;;;4,4;7;5,1;10;3,6;60;4,2;63;4,1;69;4,0;72;4,0;69;4,4;73;3,5;58;4,0;62;3,6;58;4,3;62
NOR1267;Akershus;Bjørkelangen videregående skole;;;;;;;;;;;;;;;;;*;*;*;*;3,6;26;4,3;33;3,4;30;3,6;45;3,6;30;4,2;46;3,5;28;3,9;25;3,6;28;3,9;25
NOR1267;Akershus;Dønski videregående skole;;;;;;;;;;;;;;;;;*;*;*;*;3,8;44;3,9;32;3,0;28;3,5;24;3,8;28;4,1;24;3,2;43;3,5;25;3,4;43;3,8;26
NOR1267;Akershus;Eidsvoll videregående skole;;;;;;;;;;;;;;;;;*;*;*;*;4,4;17;4,6;24;3,7;35;3,7;40;4,1;36;4,3;40;3,0;24;3,3;36;3,9;24;4,4;36
NOR1267;Akershus;Eikeli videregående skole;;;;;;;;;;;;;;;;;4,1;22;4,4;7;3,3;82;4,0;45;3,2;115;3,7;58;3,4;116;3,7;58;3,5;99;3,9;80;3,5;100;3,9;81
NOR1267;Akershus;Feiring videregående skole AS;;;;;;;;;;;;;;;;;*;*;*;*;*;*;*;*;*;*;*;*;*;*;*;*;*;*;*;*;*;*;*;*
NOR1267;Akershus;Frogn videregående skole;;;;;;;;;;;;;;;;;*;*;*;*;4,0;60;4,3;76;3,4;60;3,6;67;4,0;62;4,3;68;3,5;61;3,3;50;3,9;61;4,1;50
NOR1267;Akershus;Hoppensprett Akademiet Vgs Jessheim AS;;;;;;;;;;;;;;;;;;;*;*;4,0;14;4,8;20;3,0;25;2,8;20;3,9;25;4,6;20;2,7;32;2,8;16;4,0;32;4,1;16
NOR1267;Akershus;Jessheim videregående skole;;;;;;;;;;;;;;;;;4,2;18;4,3;20;4,0;78;4,5;104;3,5;63;3,8;105;3,9;65;4,4;106;3,4;82;3,9;115;3,9;82;4,6;115
NOR1267;Akershus;Lillestrøm videregående skole;;;;;;;;;;;;;;;;;4,9;9;5,5;28;4,3;65;4,7;103;3,7;65;4,2;87;4,5;66;5,1;88;3,8;74;4,3;92;4,5;74;5,0;93
NOR1267;Akershus;Lørenskog videregående skole;;;;;;;;;;;;;;;;;4,4;19;4,9;21;4,4;50;4,6;81;3,5;79;3,7;70;4,1;80;4,4;71;3,7;65;3,8;87;4,3;65;4,6;88
NOR1267;Akershus;Mailand videregående skole;;;;;;;;;;;;;;;;;*;*;*;*;3,8;50;4,4;92;*;*;*;*;*;*;*;*;3,2;60;3,7;83;3,7;61;4,2;83
NOR1267;Akershus;Nadderud videregående skole;;;;;;;;;;;;;;;;;*;*;*;*;4,6;54;4,8;93;4,3;55;4,5;83;4,6;55;4,8;84;4,2;55;4,3;89;4,4;55;4,7;90
NOR1267;Akershus;Nannestad videregående skole;;;;;;;;;;;;;;;;;*;*;*;*;4,1;46;4,7;37;3,5;34;3,8;39;4,0;34;4,2;39;2,7;44;3,2;40;3,3;45;4,0;41
NOR1267;Akershus;Nes videregående skole;;;;;;;;;;;;;;;;;*;*;*;*;4,0;20;4,4;33;3,4;19;3,9;34;3,2;19;3,9;35;*;*;*;*;*;*;*;*
NOR1267;Akershus;Nesbru videregående skole;;;;;;;;;;;;;;;;;3,4;17;3,6;7;3,5;92;4,0;79;3,9;103;4,0;88;3,7;105;4,1;89;3,3;98;3,6;81;3,3;99;3,9;81
NOR1267;Akershus;Nesodden videregående skole;;;;;;;;;;;;;;;;;5,5;6;5,0;6;4,1;55;4,5;37;3,6;51;4,0;42;4,2;51;4,4;42;3,4;56;3,7;47;3,8;59;4,5;47
NOR1267;Akershus;Norges Realfagsgymnas Sandvika AS;;;;;;;;;;;;;;;;;*;*;*;*;4,3;13;4,8;10;*;*;*;*;*;*;*;*;3,6;25;4,5;12;3,4;25;4,8;12
NOR1267;Akershus;Norges Toppidrettsgymnas Bærum AS;;;;;;;;;;;;;;;;;3,5;84;4,0;35;4,3;84;4,9;35;3,1;80;3,7;30;4,2;81;4,7;30;3,6;83;4,0;37;4,3;84;4,6;37
NOR1267;Akershus;Roald Amundsen videregående skole;;;;;;;;;;;;;;;;;*;*;4,0;10;3,9;61;4,0;44;3,6;56;3,9;53;4,4;58;4,9;53;3,5;54;3,8;58;3,6;54;4,1;58
NOR1267;Akershus;Rosenvilde videregående skole;;;;;;;;;;;;;;;;;*;*;*;*;4,1;45;4,5;77;2,9;43;3,8;68;3,2;43;4,1;69;2,9;46;3,8;61;3,0;46;4,3;62
NOR1267;Akershus;Rælingen videregående skole;;;;;;;;;;;;;;;;;*;*;*;*;3,3;37;4,1;47;3,1;30;3,5;51;3,4;31;3,9;52;3,2;41;3,3;46;3,8;41;4,3;47
NOR1267;Akershus;Røyken videregående skole;;;;;;;;;;;;;;;;;*;*;*;*;4,0;45;4,9;41;3,1;49;3,5;57;3,6;51;4,1;59;*;*;*;*;*;*;*;*
NOR1267;Akershus;Sandvika videregående skole;;;;;;;;;;;;;;;;;*;*;*;*;4,1;70;4,6;135;3,5;84;3,8;111;3,9;85;4,2;111;3,8;91;3,9;113;4,0;91;4,3;114
NOR1267;Akershus;Skedsmo videregående skole;;;;;;;;;;;;;;;;;3,9;8;4,7;9;4,0;90;4,6;81;3,5;90;3,8;86;3,7;90;4,5;86;3,3;72;3,6;96;3,8;74;4,4;96
NOR1267;Akershus;Ski videregående skole;;;;;;;;;;;;;;;;;*;*;*;*;4,3;57;4,7;90;3,9;57;4,2;86;4,3;58;4,6;86;3,9;67;4,1;71;4,2;67;4,4;71
NOR1267;Akershus;Stabekk videregående skole;;;;;;;;;;;;;;;;;3,7;9;5,0;11;4,1;74;5,0;42;3,8;64;4,0;53;4,0;64;4,9;54;4,0;61;4,4;55;4,1;64;4,7;56
NOR1267;Akershus;Sørumsand videregående skole;;;;;;;;;;;;;;;;;*;*;;;3,5;30;4,3;19;*;*;*;*;*;*;*;*;3,1;49;3,5;62;3,9;49;4,1;63
NOR1267;Akershus;Valler videregående skole;;;;;;;;;;;;;;;;;5,1;15;5,2;13;4,7;76;5,0;101;3,5;92;4,1;82;4,5;93;5,1;83;3,8;86;4,1;94;4,7;86;5,0;94
NOR1267;Akershus;Vestby videregående skole;;;;;;;;;;;;;;;;;4,3;19;4,6;14;3,3;53;3,9;42;3,4;37;3,8;41;3,4;38;3,9;41;3,5;35;4,0;43;3,7;35;4,3;44
NOR1267;Akershus;Wang Romerike AS;;;;;;;;;;;;;;;;;*;*;*;*;3,9;71;4,8;52;3,3;73;4,0;51;3,5;73;4,6;51;3,6;68;4,2;59;3,8;70;4,4;59
NOR1267;Akershus;Ås videregående skole;;;;;;;;;;;;;;;;;*;*;*;*;4,5;45;4,6;72;3,5;37;4,2;71;3,8;37;4,3;74;3,9;39;4,1;102;4,2;40;4,3;103
NOR1267;Buskerud;Alle skoler;;;;;;;;;;;;;;;;;;;;;;;;;3,5;469;3,8;672;4,0;472;4,3;676;3,5;493;3,8;638;3,8;499;4,3;647
NOR1267;Buskerud;Akademiet Drammen AS;;;;;;;;;;;;;;;;;*;*;*;*;4,7;22;5,1;34;4,5;22;4,9;40;5,0;22;5,4;40;4,2;23;*;*;5,1;24;*;*
NOR1267;Buskerud;Akademiet Vgs Bragernes Drammen AS;;;;;;;;;;;;;;;;;*;*;*;*;3,4;16;4,1;26;3,0;8;3,8;37;3,1;8;3,9;37;3,2;22;3,6;34;3,1;22;3,9;34
NOR1267;Buskerud;Akademiet Ypsilon videregående skole AS;;;;;;;;;;;;;;;;;*;*;*;*;3,9;17;4,3;39;3,5;20;3,7;33;3,8;20;4,3;33;3,6;19;4,0;39;3,5;19;4,1;39
NOR1267;Buskerud;Briskeby videregående skole AS;;;;;;;;;;;;;;;;;*;*;*;*;*;*;*;*;;;*;*;;;*;*;*;*;*;*;*;*;*;*
NOR1267;Buskerud;Buskerud videregående skole;;;;;;;;;;;;;;;;;*;*;*;*;*;*;*;*;*;*;*;*;*;*;*;*;3,1;26;3,8;23;4,0;26;4,7;23
NOR1267;Buskerud;Drammen videregående skole;;;;;;;;;;;;;;;;;4,0;28;4,3;51;4,1;102;4,3;176;3,5;132;3,6;155;3,8;132;4,0;155;3,5;134;3,8;161;3,7;135;4,0;165
NOR1267;Buskerud;Eiker videregående skole;;;;;;;;;;;;;;;;;4,3;9;4,1;16;3,9;47;4,2;63;3,7;42;3,8;68;4,1;43;4,2;70;3,8;56;4,0;62;4,0;57;4,3;62
NOR1267;Buskerud;Gol vidaregåande skule;;;;;;;;;;;;;;;;;;;*;*;3,4;16;4,3;27;3,6;18;4,0;45;4,6;18;4,8;45;3,7;21;4,1;22;4,2;21;4,7;22
NOR1267;Buskerud;Kongsberg videregående skole;;;;;;;;;;;;;;;;;*;*;*;*;4,0;61;4,5;74;3,5;53;3,9;60;4,2;55;4,5;62;3,6;56;3,8;69;3,9;56;4,3;71
NOR1267;Buskerud;Norges Toppidrettsgymnas Geilo AS;;;;;;;;;;;;;;;;;3,8;13;3,8;15;4,2;13;4,7;15;3,9;19;*;*;4,3;19;*;*;3,3;23;4,3;8;4,0;23;5,0;8
NOR1267;Buskerud;Numedal videregående skole;;;;;;;;;;;;;;;;;*;*;;;*;*;*;*;*;*;*;*;*;*;*;*;;;2,9;7;;;5,0;7
NOR1267;Buskerud;Ringerike videregående skole;;;;;;;;;;;;;;;;;*;*;*;*;4,0;44;4,6;76;3,9;58;3,8;84;4,5;58;4,4;84;3,1;45;4,0;81;3,9;46;4,9;82
NOR1267;Buskerud;St Hallvard videregående skole;;;;;;;;;;;;;;;;;*;*;*;*;3,5;58;3,7;77;3,0;59;3,5;70;3,5;59;3,8;70;3,3;58;3,6;76;3,2;60;3,8;78
NOR1267;Buskerud;Tyrifjord videregående skole;;;;;;;;;;;;;;;;;*;*;*;*;3,8;12;4,5;24;3,4;17;3,8;29;4,3;17;4,5;29;*;*;*;*;*;*;*;*
NOR1267;Finnmark - Finnmárku - Finmarkku;Alle skoler;;;;;;;;;;;;;;;;;;;;;;;;;3,5;71;4,0;125;3,9;72;4,4;125;3,4;65;3,8;123;3,9;65;4,3;123
NOR1267;Finnmark - Finnmárku - Finmarkku;Alta videregående skole;;;;;;;;;;;;;;;;;*;*;4,7;9;*;*;*;*;3,1;24;3,8;41;4,1;24;4,6;41;*;*;*;*;*;*;*;*
NOR1267;Finnmark - Finnmárku - Finmarkku;Båtsfjord private videregående skole AS;;;;;;;;;;;;;;;;;;;*;*;*;*;*;*;;;*;*;;;*;*;*;*;*;*;*;*;*;*
NOR1267;Finnmark - Finnmárku - Finmarkku;Hammerfest videregående skole;;;;;;;;;;;;;;;;;;;*;*;3,4;8;*;*;3,6;15;3,9;26;3,8;15;4,0;26;3,0;10;3,3;29;3,6;10;3,8;29
NOR1267;Finnmark - Finnmárku - Finmarkku;Kirkenes videregående skole;;;;;;;;;;;;;;;;;*;*;*;*;3,9;15;3,8;30;3,5;15;4,2;26;3,6;16;4,3;26;3,7;9;3,9;16;3,9;9;4,1;16
NOR1267;Finnmark - Finnmárku - Finmarkku;Lakselv videregående skole;;;;;;;;;;;;;;;;;*;*;*;*;*;*;*;*;4,3;6;4,6;7;4,0;6;5,1;7;*;*;*;*;*;*;*;*
NOR1267;Finnmark - Finnmárku - Finmarkku;Nordkapp videregående skole;;;;;;;;;;;;;;;;;*;*;*;*;*;*;4,5;6;*;*;*;*;*;*;*;*;*;*;*;*;*;*;*;*
NOR1267;Finnmark - Finnmárku - Finmarkku;Vadsø videregående skole;;;;;;;;;;;;;;;;;*;*;*;*;3,6;7;*;*;*;*;*;*;*;*;*;*;*;*;*;*;*;*;*;*
NOR1267;Finnmark - Finnmárku - Finmarkku;Vardø videregående skole;;;;;;;;;;;;;;;;;;;;;*;*;*;*;*;*;*;*;*;*;*;*;*;*;3,7;6;*;*;5,2;6
NOR1267;Innlandet;Alle skoler;;;;;;;;;;;;;;;;;4,2;91;4,6;154;3,9;541;4,3;830;3,5;599;3,9;744;3,9;602;4,4;748;3,5;538;4,0;663;3,7;542;4,3;667
NOR1267;Innlandet;Elverum videregående skole;;;;;;;;;;;;;;;;;*;*;*;*;3,7;45;4,4;66;3,2;47;3,9;66;3,8;47;4,5;66;3,7;43;4,3;67;3,5;43;4,6;67
NOR1267;Innlandet;Gausdal videregående skole;;;;;;;;;;;;;;;;;;;*;*;*;*;4,4;11;*;*;4,1;16;*;*;4,2;16;*;*;*;*;*;*;*;*
NOR1267;Innlandet;Gjøvik videregående skole;;;;;;;;;;;;;;;;;3,9;11;3,8;15;3,7;42;4,2;77;3,5;56;3,9;59;3,6;56;4,0;59;3,5;64;3,9;46;3,4;65;4,0;47
NOR1267;Innlandet;Hadeland videregående skole;;;;;;;;;;;;;;;;;*;*;*;*;3,9;24;4,4;51;4,0;24;4,1;48;4,4;24;4,6;48;3,6;33;3,8;33;3,9;33;4,3;33
NOR1267;Innlandet;Hamar katedralskole;;;;;;;;;;;;;;;;;*;*;*;*;3,9;75;4,3;110;3,4;89;3,6;109;3,9;89;4,1;110;3,5;92;4,2;94;3,8;93;4,3;95
NOR1267;Innlandet;Lena-Valle videregående skole avd Lena;;;;;;;;;;;;;;;;;;;*;*;*;*;*;*;*;*;*;*;*;*;*;*;*;*;*;*;*;*;*;*
NOR1267;Innlandet;Lillehammer videregående skole avd Sør;;;;;;;;;;;;;;;;;4,4;11;4,4;27;3,9;66;4,1;88;3,7;70;4,2;84;3,8;70;4,3;85;*;*;*;*;*;*;*;*
NOR1267;Innlandet;Nord-Gudbrandsdal vidaregåande skule;;;;;;;;;;;;;;;;;;;;;*;*;*;*;*;*;3,9;12;*;*;4,7;12;3,7;6;3,9;19;3,7;6;4,3;19
NOR1267;Innlandet;Nord-Gudbrandsdal Videregåande skule Avd Dombås;;;;;;;;;;;;;;;;;*;*;*;*;3,8;6;4,2;18;*;*;*;*;*;*;*;*;;;;;;;;
NOR1267;Innlandet;Nord-Gudbrandsdal Videregåande skule avd Lom (Nedlagt);;;;;;;;;;;;;;;;;*;*;*;*;4,2;9;4,4;20;3,2;6;3,8;18;4,0;7;4,6;18;3,5;11;3,8;14;4,2;11;4,7;15
NOR1267;Innlandet;Nord-Østerdal videregående skole;;;;;;;;;;;;;;;;;*;*;*;*;*;*;*;*;3,5;16;4,1;19;3,6;16;4,7;20;*;*;*;*;*;*;*;*
NOR1267;Innlandet;Norges Toppidrettsgymnas Kongsvinger AS;;;;;;;;;;;;;;;;;*;*;*;*;3,4;17;4,0;30;3,1;24;3,6;24;4,1;24;4,6;25;3,3;16;3,7;24;3,8;16;4,7;24
NOR1267;Innlandet;Norges Toppidrettsgymnas Lillehammer AS;;;;;;;;;;;;;;;;;*;*;;;4,0;54;4,3;36;3,4;62;3,9;33;3,8;63;4,6;33;3,6;47;3,8;38;4,0;47;4,3;38
NOR1267;Innlandet;Raufoss videregående skole avd Dokka;;;;;;;;;;;;;;;;;*;*;*;*;3,4;9;4,4;16;*;*;*;*;*;*;*;*;*;*;*;*;*;*;*;*
NOR1267;Innlandet;Ringsaker videregående skole;;;;;;;;;;;;;;;;;*;*;*;*;*;*;*;*;*;*;*;*;*;*;*;*;*;*;*;*;*;*;*;*
NOR1267;Innlandet;Sentrum videregående skole avd Skarnes;;;;;;;;;;;;;;;;;;;*;*;3,5;8;4,4;19;4,0;13;4,0;14;4,4;13;4,4;14;3,5;11;4,7;21;4,1;11;4,8;21
NOR1267;Innlandet;Solør videregående skole;;;;;;;;;;;;;;;;;4,5;8;4,5;8;3,3;12;4,1;20;4,3;8;3,9;21;4,3;8;3,7;21;3,4;12;4,2;14;3,8;12;4,7;14
NOR1267;Innlandet;Stange videregående skole;;;;;;;;;;;;;;;;;;;*;*;*;*;*;*;4,0;10;4,1;19;4,6;10;4,7;19;2,5;8;4,1;17;3,1;8;4,6;17
NOR1267;Innlandet;Trysil videregående skole;;;;;;;;;;;;;;;;;*;*;*;*;*;*;*;*;4,0;6;4,3;7;3,3;6;4,1;7;*;*;*;*;*;*;*;*
NOR1267;Innlandet;Valdres vidaregåande skule;;;;;;;;;;;;;;;;;*;*;*;*;4,3;8;4,2;26;3,4;16;3,9;26;4,1;16;4,4;26;2,6;7;2,9;16;2,9;7;3,5;16
NOR1267;Innlandet;Vinstra vidaregåande skule;;;;;;;;;;;;;;;;;*;*;*;*;*;*;4,5;42;*;*;*;*;*;*;*;*;*;*;*;*;*;*;*;*
NOR1267;Innlandet;Wang Hamar AS;;;;;;;;;;;;;;;;;*;*;;;4,1;42;4,7;27;3,5;49;3,6;22;4,0;49;4,2;22;3,5;35;4,0;30;4,3;35;4,5;30
NOR1267;Innlandet;Øvrebyen videregående skole;;;;;;;;;;;;;;;;;*;*;*;*;3,4;32;4,2;50;3,4;14;3,8;43;3,6;16;4,3;43;3,7;21;4,2;29;3,3;21;4,5;29
NOR1267;Møre og Romsdal;Alle skoler;;;;;;;;;;;;;;;;;4,6;47;4,7;90;3,9;447;4,4;648;3,5;367;3,8;601;4,0;379;4,4;621;3,6;386;3,9;598;4,0;391;4,4;603
NOR1267;Møre og Romsdal;Akademiet Toppidrettsgymnas Ålesund AS;;;;;;;;;;;;;;;;;*;*;*;*;*;*;*;*;2,8;8;3,7;6;3,0;8;3,7;6;*;*;*;*;*;*;*;*
NOR1267;Møre og Romsdal;Akademiet Vgs Ålesund AS;;;;;;;;;;;;;;;;;;;*;*;*;*;*;*;*;*;*;*;*;*;*;*;*;*;*;*;*;*;*;*
NOR1267;Møre og Romsdal;Atlanten videregående skole;;;;;;;;;;;;;;;;;*;*;*;*;3,8;56;4,5;67;4,0;46;3,9;81;4,3;47;4,6;83;3,4;49;3,6;72;4,3;49;4,5;72
NOR1267;Møre og Romsdal;Haram vidaregåande skule;;;;;;;;;;;;;;;;;;;*;*;*;*;*;*;*;*;*;*;*;*;*;*;*;*;*;*;*;*;*;*
NOR1267;Møre og Romsdal;Hustadvika vidaregåande skole;;;;;;;;;;;;;;;;;;;*;*;*;*;*;*;3,4;8;3,4;23;3,5;8;4,3;23;*;*;*;*;*;*;*;*
NOR1267;Møre og Romsdal;Molde videregående skole;;;;;;;;;;;;;;;;;*;*;*;*;4,1;65;4,5;99;3,7;62;3,9;101;4,1;62;4,5;101;3,8;53;4,1;89;4,1;54;4,5;89
NOR1267;Møre og Romsdal;Rauma videregående skole;;;;;;;;;;;;;;;;;*;*;*;*;5,0;12;4,8;17;*;*;*;*;*;*;*;*;3,6;11;3,9;10;4,1;11;4,2;10
NOR1267;Møre og Romsdal;Spjelkavik videregående skole;;;;;;;;;;;;;;;;;4,6;19;4,4;18;3,7;84;4,3;99;3,5;82;3,9;71;3,8;83;4,3;72;3,4;68;3,9;94;3,9;69;4,5;95
NOR1267;Møre og Romsdal;Stranda vidaregåande skule;;;;;;;;;;;;;;;;;;;;;*;*;*;*;*;*;*;*;*;*;*;*;*;*;3,7;9;*;*;4,0;9
NOR1267;Møre og Romsdal;Sunndal vidaregåande skole;;;;;;;;;;;;;;;;;*;*;;;3,5;15;4,1;9;*;*;*;*;*;*;*;*;3,8;12;3,7;10;4,7;12;4,8;10
NOR1267;Møre og Romsdal;Surnadal vidaregåande skule;;;;;;;;;;;;;;;;;;;;;*;*;*;*;3,3;7;3,6;18;4,4;7;4,9;18;3,5;13;4,1;18;4,2;13;4,7;18
NOR1267;Møre og Romsdal;Sykkylven vidaregåande skule;;;;;;;;;;;;;;;;;;;;;3,7;11;4,2;25;3,5;12;3,9;8;3,8;12;4,6;8;3,8;11;3,4;14;3,8;12;4,1;14
NOR1267;Møre og Romsdal;Tingvoll vidaregåande skole;;;;;;;;;;;;;;;;;*;*;*;*;*;*;5,3;7;*;*;*;*;*;*;*;*;*;*;;;*;*;;
NOR1267;Møre og Romsdal;Ulstein vidaregåande skule;;;;;;;;;;;;;;;;;;;*;*;3,8;28;4,1;43;3,9;30;3,9;44;4,0;30;4,4;44;3,5;23;4,0;42;3,5;24;4,2;42
NOR1267;Møre og Romsdal;Vestborg Vgs;;;;;;;;;;;;;;;;;;;*;*;*;*;*;*;*;*;*;*;*;*;*;*;*;*;*;*;*;*;*;*
NOR1267;Møre og Romsdal;Volda vidaregåande skule;;;;;;;;;;;;;;;;;;;*;*;3,9;38;4,5;65;3,3;27;4,0;50;3,6;27;4,2;50;4,0;30;4,0;38;4,0;30;4,3;38
NOR1267;Møre og Romsdal;Ålesund videregående skole;;;;;;;;;;;;;;;;;;;;;;;;;3,2;57;3,8;102;4,2;67;4,3;118;3,4;69;3,9;99;3,9;69;4,3;100
NOR1267;Møre og Romsdal;Ålesund videregående skole Lokalitet Volsdalsberga;;;;;;;;;;;;;;;;;*;*;*;*;4,2;68;4,7;109;;;;;;;;;;;;;;;;
NOR1267;Nordland - Nordlánnda;Alle skoler;;;;;;;;;;;;;;;;;4,0;88;4,3;146;3,9;335;4,3;460;3,5;281;3,9;471;3,8;283;4,4;474;3,5;278;4,0;429;3,9;281;4,5;429
NOR1267;Nordland - Nordlánnda;Andøy videregående skole;;;;;;;;;;;;;;;;;*;*;*;*;*;*;*;*;3,7;6;4,2;6;4,7;6;*;*;*;*;*;*;*;*;*;*
NOR1267;Nordland - Nordlánnda;Aust-Lofoten videregående skole;;;;;;;;;;;;;;;;;3,3;8;4,7;7;3,9;18;4,7;33;3,0;21;3,4;23;3,6;21;3,9;23;3,2;17;3,8;32;3,5;17;4,5;32
NOR1267;Nordland - Nordlánnda;Bodin videregående skole;;;;;;;;;;;;;;;;;3,9;7;3,9;17;4,2;36;4,4;50;3,5;26;4,1;53;3,8;26;4,4;53;3,4;42;3,8;59;4,2;42;4,9;59
NOR1267;Nordland - Nordlánnda;Bodø videregående skole;;;;;;;;;;;;;;;;;*;*;*;*;3,7;45;4,4;61;*;*;*;*;*;*;*;*;*;*;*;*;*;*;*;*
NOR1267;Nordland - Nordlánnda;Brønnøysund videregående skole;;;;;;;;;;;;;;;;;*;*;*;*;4,0;14;4,4;23;3,7;11;3,4;16;4,4;11;3,9;16;3,4;7;4,2;17;3,6;7;4,1;17
NOR1267;Nordland - Nordlánnda;Fauske videregående skole;;;;;;;;;;;;;;;;;*;*;*;*;4,2;13;4,5;13;*;*;*;*;*;*;*;*;3,2;11;3,8;14;3,9;11;4,4;14
NOR1267;Nordland - Nordlánnda;Hadsel videregående skole;;;;;;;;;;;;;;;;;;;4,6;7;3,6;11;4,3;12;3,1;13;4,1;15;3,2;13;4,3;15;3,4;14;3,8;12;3,1;14;4,0;12
NOR1267;Nordland - Nordlánnda;Knut Hamsun videregående skole Joarkkaskåvllå;;;;;;;;;;;;;;;;;*;*;*;*;*;*;*;*;*;*;*;*;*;*;*;*;*;*;*;*;*;*;*;*
NOR1267;Nordland - Nordlánnda;Kristen videregående skole Nordland Sti;;;;;;;;;;;;;;;;;*;*;;;*;*;*;*;;;*;*;;;*;*;*;*;*;*;*;*;*;*
NOR1267;Nordland - Nordlánnda;Meløy videregående skole;;;;;;;;;;;;;;;;;;;;;3,8;8;4,5;11;4,4;10;4,0;15;3,6;10;4,1;15;*;*;*;*;*;*;*;*
NOR1267;Nordland - Nordlánnda;Mosjøen videregående skole;;;;;;;;;;;;;;;;;*;*;*;*;4,0;19;4,5;22;3,1;16;3,5;19;3,9;16;4,6;18;3,6;9;4,4;18;3,7;9;4,6;18
NOR1267;Nordland - Nordlánnda;Narvik videregående skole;;;;;;;;;;;;;;;;;*;*;4,5;16;*;*;*;*;3,8;28;3,8;52;3,9;28;4,0;54;4,0;22;4,2;45;3,8;22;4,3;45
NOR1267;Nordland - Nordlánnda;Norges Toppidrettsgymnas Bodø AS;;;;;;;;;;;;;;;;;*;*;3,6;13;*;*;*;*;2,6;12;*;*;4,1;12;*;*;*;*;*;*;*;*;*;*
NOR1267;Nordland - Nordlánnda;Polarsirkelen videregående skole;;;;;;;;;;;;;;;;;*;*;*;*;3,6;51;4,1;52;3,5;36;3,9;60;3,4;36;4,4;60;3,5;26;4,1;40;3,3;27;4,3;40
NOR1267;Nordland - Nordlánnda;Saltdal videregående skole;;;;;;;;;;;;;;;;;*;*;*;*;*;*;*;*;3,4;9;4,0;11;3,3;9;4,8;11;3,9;7;3,6;12;4,0;7;3,8;12
NOR1267;Nordland - Nordlánnda;Sandnessjøen videregående skole;;;;;;;;;;;;;;;;;*;*;5,0;6;3,9;15;4,5;22;*;*;*;*;*;*;*;*;3,6;14;4,1;28;4,2;15;4,6;28
NOR1267;Nordland - Nordlánnda;Sortland videregående skole avd Sortland;;;;;;;;;;;;;;;;;*;*;*;*;3,4;11;4,0;44;3,5;18;4,1;24;3,2;18;4,3;24;3,9;18;4,0;29;3,9;18;4,0;29
NOR1267;Nordland - Nordlánnda;Vest-Lofoten videregående skole;;;;;;;;;;;;;;;;;*;*;*;*;3,8;17;4,0;25;3,1;11;3,5;31;3,6;11;4,3;31;*;*;*;*;*;*;*;*
NOR1267;Oslo;Alle skoler;;;;;;;;;;;;;;;;;4,4;574;4,7;746;4,0;1 855;4,4;2 100;3,5;1 829;3,9;2 211;3,9;1 886;4,4;2 263;3,5;1 846;3,9;2 236;3,9;1 887;4,4;2 278
NOR1267;Oslo;Akademiet Oslo AS;;;;;;;;;;;;;;;;;*;*;*;*;3,9;28;4,1;43;3,0;33;3,4;65;3,2;33;4,0;65;2,7;50;3,2;55;3,5;50;4,3;56
NOR1267;Oslo;Akademiet Vgs Bislett AS;;;;;;;;;;;;;;;;;*;*;*;*;3,4;18;4,2;42;*;*;*;*;*;*;*;*;3,6;12;3,7;40;3,9;12;4,4;41
NOR1267;Oslo;Bjerke videregående skole;;;;;;;;;;;;;;;;;4,7;7;4,6;7;3,7;72;4,2;83;2,7;73;3,3;98;3,6;76;4,2;99;2,8;102;3,5;96;3,6;104;4,2;96
NOR1267;Oslo;Bjørnholt videregående skole;;;;;;;;;;;;;;;;;*;*;3,8;6;*;*;*;*;2,7;25;2,9;51;3,0;25;3,4;51;3,0;30;3,1;49;3,2;30;3,9;49
NOR1267;Oslo;Blindern videregående skole;;;;;;;;;;;;;;;;;3,8;88;3,9;41;4,1;147;4,3;68;3,8;129;4,0;72;4,1;129;4,5;74;3,8;98;4,1;73;4,0;123;4,3;97
NOR1267;Oslo;Den Tysk-Norske skolen i Oslo avd grunnskole Sporveisgata;;;;;;;;;;;;;;;;;;;*;*;3,7;7;4,5;13;*;*;*;*;*;*;*;*;3,1;7;4,4;9;3,9;7;4,8;9
NOR1267;Oslo;Edvard Munch videregående skole;;;;;;;;;;;;;;;;;*;*;*;*;4,1;25;4,4;99;3,8;19;4,2;110;3,9;19;4,3;111;4,2;30;4,4;90;4,3;31;4,5;91
NOR1267;Oslo;Elvebakken videregående skole;;;;;;;;;;;;;;;;;4,8;38;5,0;112;4,9;54;5,1;135;4,5;68;4,9;118;4,7;69;5,0;119;4,7;52;4,8;132;5,0;52;5,0;132
NOR1267;Oslo;Foss videregående skole;;;;;;;;;;;;;;;;;*;*;*;*;4,5;60;4,7;127;4,0;74;4,5;142;4,4;75;4,8;143;4,0;83;4,3;160;4,2;84;4,5;162
NOR1267;Oslo;Fyrstikkalleen skole;;;;;;;;;;;;;;;;;*;*;4,3;10;4,0;55;4,3;89;3,2;58;3,6;75;3,7;59;4,0;75;3,2;70;3,4;73;3,4;73;4,0;73
NOR1267;Oslo;Hartvig Nissens skole;;;;;;;;;;;;;;;;;*;*;*;*;4,2;53;4,5;84;3,2;45;3,8;90;4,1;46;4,6;90;3,6;46;3,9;83;4,0;46;4,4;85
NOR1267;Oslo;Hellerud videregående skole;;;;;;;;;;;;;;;;;*;*;*;*;3,1;55;3,5;72;2,6;42;2,8;70;3,0;43;3,6;74;2,5;35;2,9;64;3,2;36;3,5;63
NOR1267;Oslo;Heltberg private gymnas;;;;;;;;;;;;;;;;;*;*;*;*;3,6;45;4,2;28;2,8;40;3,1;47;4,0;41;4,5;47;2,8;34;3,3;31;3,8;34;4,2;31
NOR1267;Oslo;Hersleb videregående skole;;;;;;;;;;;;;;;;;*;*;*;*;3,3;36;3,9;58;2,5;19;2,9;26;2,7;19;3,2;27;2,2;32;2,8;43;2,6;32;3,3;43
NOR1267;Oslo;Kongshavn videregående skole;;;;;;;;;;;;;;;;;4,4;14;4,0;16;4,0;78;4,3;48;3,1;77;3,7;60;3,4;78;4,3;60;3,4;75;3,8;66;3,6;75;4,3;67
NOR1267;Oslo;Kongsskogen videregående skole;;;;;;;;;;;;;;;;;4,2;6;4,4;8;3,8;6;4,1;10;*;*;*;*;*;*;*;*;*;*;3,8;17;*;*;4,3;16
NOR1267;Oslo;Kristelig gymnasium AS videregående skole;;;;;;;;;;;;;;;;;4,1;26;5,0;33;3,8;85;4,6;90;3,4;67;4,0;110;4,0;68;4,6;111;3,9;71;4,1;108;4,1;72;4,5;108
NOR1267;Oslo;Kuben videregående skole;;;;;;;;;;;;;;;;;*;*;*;*;3,4;67;3,8;75;3,1;54;3,3;72;3,6;55;3,9;72;2,8;48;3,4;77;3,1;48;3,8;77
NOR1267;Oslo;Lambertseter videregående skole;;;;;;;;;;;;;;;;;*;*;*;*;4,1;130;4,4;90;3,8;127;4,1;89;4,0;128;4,5;90;3,4;131;3,7;93;4,0;132;4,2;94
NOR1267;Oslo;Nydalen videregående skole;;;;;;;;;;;;;;;;;*;*;*;*;4,7;97;4,9;82;4,5;94;4,5;89;4,6;95;4,6;90;4,5;86;4,4;103;4,7;86;5,0;106
NOR1267;Oslo;Oslo Handelsgymnasium;;;;;;;;;;;;;;;;;4,0;33;4,8;43;3,9;143;4,6;130;3,2;149;3,5;116;3,8;150;4,1;118;3,3;124;3,8;124;3,7;125;4,3;124
NOR1267;Oslo;Oslo katedralskole;;;;;;;;;;;;;;;;;4,5;70;4,7;87;4,7;81;5,1;96;4,2;59;4,6;118;4,7;59;5,1;118;4,3;79;4,5;100;4,6;79;5,0;101
NOR1267;Oslo;Oslo private gymnasium AS;;;;;;;;;;;;;;;;;*;*;*;*;4,4;30;4,6;33;;;;;4,2;37;4,8;28;3,6;26;4,1;38;3,9;27;4,6;39
NOR1267;Oslo;Otto Treider private gymnas AS;;;;;;;;;;;;;;;;;3,7;14;4,0;17;3,1;38;3,4;53;3,3;40;3,7;49;3,2;40;4,1;50;3,0;26;3,8;43;2,7;26;3,6;44
NOR1267;Oslo;Persbråten videregående skole;;;;;;;;;;;;;;;;;*;*;*;*;*;*;*;*;*;*;*;*;*;*;*;*;*;*;3,5;30;*;*;4,0;30
NOR1267;Oslo;Stovner videregående skole;;;;;;;;;;;;;;;;;*;*;*;*;3,4;38;4,0;63;2,5;31;3,1;64;3,0;33;3,6;65;2,8;29;3,4;58;2,8;31;3,9;59
NOR1267;Oslo;Ullern videregående skole;;;;;;;;;;;;;;;;;*;*;*;*;4,7;104;4,8;116;4,3;106;4,6;112;4,4;107;4,8;112;4,3;96;4,4;120;4,5;97;4,9;120
NOR1267;Oslo;Ulsrud videregående skole;;;;;;;;;;;;;;;;;*;*;4,2;6;2,9;12;3,5;18;2,9;15;3,2;22;2,6;15;3,6;23;3,1;7;*;*;3,6;7;*;*
NOR1267;Oslo;Valle Hovin videregående skole;;;;;;;;;;;;;;;;;*;*;*;*;*;*;*;*;*;*;*;*;*;*;*;*;*;*;*;*;*;*;*;*
NOR1267;Oslo;Vika videregående skole;;;;;;;;;;;;;;;;;;;;;;;;;3,0;96;3,4;79;3,7;96;4,1;81;3,7;68;3,7;79;4,2;68;4,3;80
NOR1267;Oslo;Wang videregående Skole/ Wang Toppidrett;;;;;;;;;;;;;;;;;4,8;28;5,1;21;3,8;121;4,3;89;3,4;97;3,9;111;3,9;97;4,5;111;3,7;122;4,3;93;3,8;122;4,4;94
NOR1267;Rogaland;Alle skoler;;;;;;;;;;;;;;;;;4,3;240;4,7;307;3,9;921;4,3;1 123;3,5;865;3,8;1 171;3,8;870;4,3;1 178;3,5;883;3,9;1 168;3,8;887;4,3;1 174
NOR1267;Rogaland;Akademiet Sandnes;;;;;;;;;;;;;;;;;*;*;*;*;3,4;18;3,7;35;*;*;*;*;*;*;*;*;3,0;28;3,5;26;3,5;29;4,3;26
NOR1267;Rogaland;Bryne vidaregåande skule;;;;;;;;;;;;;;;;;*;*;*;*;3,2;59;4,1;103;3,1;44;3,3;88;3,7;46;4,3;88;3,3;57;3,8;88;3,7;57;4,4;89
NOR1267;Rogaland;Dalane videregående skole;;;;;;;;;;;;;;;;;*;*;*;*;3,6;41;4,3;27;3,3;28;3,7;38;3,0;28;3,8;38;3,3;22;3,9;40;3,1;22;4,0;40
NOR1267;Rogaland;Forus friskole - Vgs;;;;;;;;;;;;;;;;;*;*;*;*;*;*;*;*;*;*;*;*;*;*;*;*;;;;;;;;
NOR1267;Rogaland;Haugesund Toppidrettsgymnas AS;;;;;;;;;;;;;;;;;*;*;*;*;3,8;41;4,4;36;3,5;35;4,1;40;3,5;35;4,2;40;3,6;45;3,7;27;3,9;45;4,3;27
NOR1267;Rogaland;Hetland videregående skole;;;;;;;;;;;;;;;;;*;*;*;*;3,8;76;4,0;83;3,5;86;3,9;75;3,6;86;4,0;75;*;*;*;*;*;*;*;*
NOR1267;Rogaland;Hollenderhaugen skolesenter;;;;;;;;;;;;;;;;;;;;;;;;;;;*;*;;;*;*;;;*;*;;;*;*
NOR1267;Rogaland;Kopervik videregående skole;;;;;;;;;;;;;;;;;*;*;*;*;3,9;25;4,5;32;3,5;24;3,9;35;4,0;24;4,1;35;3,1;17;3,9;43;3,6;17;4,3;43
NOR1267;Rogaland;Lundeneset Vgs;;;;;;;;;;;;;;;;;;;;;4,2;9;4,7;23;*;*;*;*;*;*;*;*;*;*;*;*;*;*;*;*
NOR1267;Rogaland;Møllehagen skolesenter grunnskole og videregående skole;;;;;;;;;;;;;;;;;*;*;;;*;*;*;*;*;*;*;*;*;*;*;*;*;*;*;*;*;*;*;*
NOR1267;Rogaland;Norheim Vgs AS;;;;;;;;;;;;;;;;;*;*;*;*;*;*;*;*;*;*;*;*;*;*;*;*;*;*;*;*;*;*;*;*
NOR1267;Rogaland;Randaberg videregående skole;;;;;;;;;;;;;;;;;3,0;7;4,0;16;3,6;34;4,1;44;2,7;33;3,1;35;2,8;34;3,4;36;2,7;42;3,3;53;3,0;42;3,9;53
NOR1267;Rogaland;Sandnes videregående skole;;;;;;;;;;;;;;;;;4,2;35;4,5;44;4,1;108;4,6;119;3,5;98;4,0;132;3,8;100;4,3;133;3,5;93;3,8;133;3,9;93;4,2;133
NOR1267;Rogaland;Sauda vidaregåande skule;;;;;;;;;;;;;;;;;*;*;*;*;4,3;24;4,7;15;2,8;12;3,7;21;3,6;12;4,5;21;3,2;17;3,8;24;3,6;17;4,4;24
NOR1267;Rogaland;Skeisvang videregående skole;;;;;;;;;;;;;;;;;*;*;*;*;4,0;52;*;*;3,8;45;4,1;81;4,2;45;4,2;82;3,9;65;4,1;68;3,9;65;4,4;68
NOR1267;Rogaland;Sola videregående skole;;;;;;;;;;;;;;;;;*;*;*;*;3,4;45;3,7;37;3,4;42;3,1;36;3,7;42;3,6;37;3,2;52;3,6;43;3,5;52;4,0;44
NOR1267;Rogaland;St Svithun videregående skole;;;;;;;;;;;;;;;;;*;*;*;*;4,1;115;4,5;110;3,6;109;3,8;119;4,1;109;4,6;120;3,8;107;4,1;125;4,0;107;4,6;125
NOR1267;Rogaland;St. Olav videregående skole;;;;;;;;;;;;;;;;;4,9;28;5,0;27;4,6;98;4,9;126;3,9;97;4,2;121;4,2;97;4,6;122;4,0;94;4,1;127;4,5;94;4,8;127
NOR1267;Rogaland;Stavanger katedralskole;;;;;;;;;;;;;;;;;*;*;*;*;4,0;40;4,6;74;4,0;32;4,5;80;4,2;32;4,7;80;3,7;37;4,0;80;4,3;38;4,4;81
NOR1267;Rogaland;Strand videregående skole;;;;;;;;;;;;;;;;;3,8;10;3,9;8;3,9;30;4,1;37;3,1;23;3,5;38;4,0;23;4,3;38;3,2;23;3,6;23;3,4;23;4,0;23
NOR1267;Rogaland;Tryggheim vidaregåande skule;;;;;;;;;;;;;;;;;*;*;*;*;4,1;20;4,4;28;3,9;34;3,8;56;4,4;34;4,2;56;3,6;24;4,3;29;3,8;24;4,3;29
NOR1267;Rogaland;Vardafjell videregående skole;;;;;;;;;;;;;;;;;*;*;*;*;3,8;30;3,7;46;*;*;*;*;*;*;*;*;3,6;40;4,1;67;3,5;42;4,1;67
NOR1267;Rogaland;Wang Toppidrett Stavanger AS;;;;;;;;;;;;;;;;;*;*;*;*;4,0;35;3,9;32;3,6;29;4,2;28;3,3;29;4,3;28;3,5;29;4,0;24;3,6;29;4,4;24
NOR1267;Rogaland;Ølen vidaregåande skule;;;;;;;;;;;;;;;;;*;*;*;*;*;*;3,9;18;3,5;12;*;*;3,3;12;*;*;3,3;12;4,0;21;3,4;12;4,6;21
NOR1267;Telemark;Alle skoler;;;;;;;;;;;;;;;;;;;;;;;;;3,3;288;3,8;395;3,8;292;4,4;397;3,5;271;3,7;305;3,9;272;4,3;306
NOR1267;Telemark;Bamble videregående skole;;;;;;;;;;;;;;;;;4,0;6;4,4;22;3,7;23;3,7;35;3,3;16;3,7;27;3,4;17;4,3;28;*;*;*;*;*;*;*;*
NOR1267;Telemark;Bø vidaregåande skule;;;;;;;;;;;;;;;;;4,3;10;*;*;4,3;32;4,9;36;3,3;35;3,9;42;4,0;35;4,8;42;3,4;40;3,7;35;4,2;40;4,2;35
NOR1267;Telemark;Kragerø videregående skole;;;;;;;;;;;;;;;;;*;*;*;*;3,7;6;4,0;17;*;*;*;*;*;*;*;*;3,7;10;3,8;16;4,1;10;4,3;16
NOR1267;Telemark;Kvitsund gymnas;;;;;;;;;;;;;;;;;*;*;*;*;4,1;15;4,6;28;3,4;21;4,4;18;3,9;21;4,8;18;3,6;13;4,0;23;4,0;13;4,7;23
NOR1267;Telemark;Notodden videregående skole;;;;;;;;;;;;;;;;;3,8;10;3,8;6;3,3;26;3,4;15;3,1;21;4,0;30;3,1;21;4,1;30;3,0;22;*;*;3,8;22;*;*
NOR1267;Telemark;Porsgrunn videregående skole;;;;;;;;;;;;;;;;;3,8;21;5,0;41;3,6;50;4,7;83;3,2;57;3,6;68;3,8;57;4,1;68;*;*;3,9;52;*;*;4,3;52
NOR1267;Telemark;Rjukan videregående skole;;;;;;;;;;;;;;;;;*;*;*;*;4,2;9;4,6;15;*;*;*;*;*;*;*;*;*;*;*;*;*;*;*;*
NOR1267;Telemark;Skien videregående skole;;;;;;;;;;;;;;;;;*;*;*;*;3,9;80;4,5;134;3,3;87;3,7;139;3,9;90;4,4;140;3,6;85;3,6;103;3,8;86;4,1;103
NOR1267;Telemark;Stiftelsen Telemark Toppidrett gymnas;;;;;;;;;;;;;;;;;3,5;24;4,3;14;3,9;38;4,5;28;3,1;38;3,6;33;3,7;38;4,5;33;3,7;50;3,9;30;3,7;50;4,5;30
NOR1267;Telemark;Vest-Telemark vidaregåande skule;;;;;;;;;;;;;;;;;;;*;*;*;*;*;*;*;*;*;*;*;*;*;*;;;;;;;;
NOR1267;Troms - Romsa - Tromssa ;Alle skoler;;;;;;;;;;;;;;;;;;;;;;;;;3,8;269;4,0;335;4,1;274;4,4;345;3,6;254;3,9;367;4,0;255;4,5;369
NOR1267;Troms - Romsa - Tromssa ;Bardufoss videregående skole;;;;;;;;;;;;;;;;;;;*;*;3,8;13;4,6;20;*;*;*;*;*;*;*;*;3,6;12;4,6;15;3,9;12;4,3;15
NOR1267;Troms - Romsa - Tromssa ;Heggen videregående skole;;;;;;;;;;;;;;;;;*;*;*;*;*;*;*;*;*;*;*;*;*;*;*;*;*;*;4,1;56;*;*;4,4;56
NOR1267;Troms - Romsa - Tromssa ;Kongsbakken videregående skole;;;;;;;;;;;;;;;;;*;*;*;*;4,5;69;4,8;106;4,5;56;4,3;102;4,4;56;4,6;106;3,9;54;4,1;83;4,4;55;4,8;83
NOR1267;Troms - Romsa - Tromssa ;Kvaløya videregående skole;;;;;;;;;;;;;;;;;3,5;8;4,4;11;*;*;*;*;*;*;*;*;*;*;*;*;*;*;3,6;20;*;*;4,9;20
NOR1267;Troms - Romsa - Tromssa ;Longyearbyen skole Videregående Avdeling;;;;;;;;;;;;;;;;;;;;;;;;;*;*;*;*;*;*;*;*;*;*;4,8;6;*;*;*;*
NOR1267;Troms - Romsa - Tromssa ;Nordkjosbotn videregående skole;;;;;;;;;;;;;;;;;3,5;6;4,2;9;4,5;6;4,7;11;3,5;12;3,8;6;4,0;12;4,8;6;*;*;*;*;*;*;*;*
NOR1267;Troms - Romsa - Tromssa ;Nord-Troms videregående skole avd Nordreisa;;;;;;;;;;;;;;;;;;;;;*;*;*;*;*;*;*;*;*;*;*;*;*;*;*;*;*;*;*;*
NOR1267;Troms - Romsa - Tromssa ;Norges Toppidrettsgymnas Tromsø AS;;;;;;;;;;;;;;;;;3,8;8;*;*;*;*;*;*;3,9;16;4,1;18;4,7;16;*;*;*;*;*;*;*;*;*;*
NOR1267;Troms - Romsa - Tromssa ;Senja videregående skole avd Finnfjordbotn;;;;;;;;;;;;;;;;;3,6;11;4,3;6;3,5;24;4,0;23;3,3;22;3,9;29;4,1;22;4,4;31;3,0;26;3,4;41;3,6;26;4,2;42
NOR1267;Troms - Romsa - Tromssa ;Sjøvegan videregående skole;;;;;;;;;;;;;;;;;*;*;*;*;*;*;*;*;*;*;*;*;*;*;*;*;3,2;10;4,1;7;4,3;10;5,1;7
NOR1267;Troms - Romsa - Tromssa ;Tromsdalen videregående skole;;;;;;;;;;;;;;;;;*;*;3,9;14;3,7;46;4,2;50;3,5;51;3,7;50;4,0;51;4,2;51;3,8;50;3,6;87;3,7;50;3,9;88
NOR1267;Troms og Finnmark - Romsa ja Finnmárku - Tromssa ja Finmarkku (2020 - 2023);Alle skoler;;;;;;;;;;;;;;;;;3,9;109;4,4;155;3,9;360;4,3;498;;;;;;;;;;;;;;;;
NOR1267;Troms og Finnmark - Romsa ja Finnmárku - Tromssa ja Finmarkku (2020 - 2023);Alta videregående skole;;;;;;;;;;;;;;;;;*;*;4,7;9;*;*;*;*;;;;;;;;;;;;;;;;
NOR1267;Troms og Finnmark - Romsa ja Finnmárku - Tromssa ja Finmarkku (2020 - 2023);Bardufoss videregående skole;;;;;;;;;;;;;;;;;;;*;*;3,8;13;4,6;20;;;;;;;;;;;;;;;;
NOR1267;Troms og Finnmark - Romsa ja Finnmárku - Tromssa ja Finmarkku (2020 - 2023);Båtsfjord private videregående skole AS;;;;;;;;;;;;;;;;;;;*;*;*;*;*;*;;;;;;;;;;;;;;;;
NOR1267;Troms og Finnmark - Romsa ja Finnmárku - Tromssa ja Finmarkku (2020 - 2023);Hammerfest videregående skole;;;;;;;;;;;;;;;;;;;*;*;3,4;8;*;*;;;;;;;;;;;;;;;;
NOR1267;Troms og Finnmark - Romsa ja Finnmárku - Tromssa ja Finmarkku (2020 - 2023);Heggen videregående skole;;;;;;;;;;;;;;;;;*;*;*;*;*;*;*;*;;;;;;;;;;;;;;;;
NOR1267;Troms og Finnmark - Romsa ja Finnmárku - Tromssa ja Finmarkku (2020 - 2023);Kirkenes videregående skole;;;;;;;;;;;;;;;;;*;*;*;*;3,9;15;3,8;30;;;;;;;;;;;;;;;;
NOR1267;Troms og Finnmark - Romsa ja Finnmárku - Tromssa ja Finmarkku (2020 - 2023);Kongsbakken videregående skole;;;;;;;;;;;;;;;;;*;*;*;*;4,5;69;4,8;106;;;;;;;;;;;;;;;;
NOR1267;Troms og Finnmark - Romsa ja Finnmárku - Tromssa ja Finmarkku (2020 - 2023);Kvaløya videregående skole;;;;;;;;;;;;;;;;;3,5;8;4,4;11;*;*;*;*;;;;;;;;;;;;;;;;
NOR1267;Troms og Finnmark - Romsa ja Finnmárku - Tromssa ja Finmarkku (2020 - 2023);Lakselv videregående skole;;;;;;;;;;;;;;;;;*;*;*;*;*;*;*;*;;;;;;;;;;;;;;;;
NOR1267;Troms og Finnmark - Romsa ja Finnmárku - Tromssa ja Finmarkku (2020 - 2023);Longyearbyen skole Grunnskole;;;;;;;;;;;;;;;;;;;*;*;*;*;*;*;;;;;;;;;;;;;;;;
NOR1267;Troms og Finnmark - Romsa ja Finnmárku - Tromssa ja Finmarkku (2020 - 2023);Nordkapp videregående skole;;;;;;;;;;;;;;;;;*;*;*;*;*;*;4,5;6;;;;;;;;;;;;;;;;
NOR1267;Troms og Finnmark - Romsa ja Finnmárku - Tromssa ja Finmarkku (2020 - 2023);Nordkjosbotn videregående skole;;;;;;;;;;;;;;;;;3,5;6;4,2;9;4,5;6;4,7;11;;;;;;;;;;;;;;;;
NOR1267;Troms og Finnmark - Romsa ja Finnmárku - Tromssa ja Finmarkku (2020 - 2023);Nord-Troms videregående skole avd Nordreisa;;;;;;;;;;;;;;;;;;;;;*;*;*;*;;;;;;;;;;;;;;;;
NOR1267;Troms og Finnmark - Romsa ja Finnmárku - Tromssa ja Finmarkku (2020 - 2023);Norges Toppidrettsgymnas Tromsø AS;;;;;;;;;;;;;;;;;3,8;8;*;*;*;*;*;*;;;;;;;;;;;;;;;;
NOR1267;Troms og Finnmark - Romsa ja Finnmárku - Tromssa ja Finmarkku (2020 - 2023);Senja videregående skole avd Finnfjordbotn;;;;;;;;;;;;;;;;;3,6;11;4,3;6;3,5;24;4,0;23;;;;;;;;;;;;;;;;
NOR1267;Troms og Finnmark - Romsa ja Finnmárku - Tromssa ja Finmarkku (2020 - 2023);Sjøvegan videregående skole;;;;;;;;;;;;;;;;;*;*;*;*;*;*;*;*;;;;;;;;;;;;;;;;
NOR1267;Troms og Finnmark - Romsa ja Finnmárku - Tromssa ja Finmarkku (2020 - 2023);Tromsdalen videregående skole;;;;;;;;;;;;;;;;;*;*;3,9;14;3,7;46;4,2;50;;;;;;;;;;;;;;;;
NOR1267;Troms og Finnmark - Romsa ja Finnmárku - Tromssa ja Finmarkku (2020 - 2023);Vadsø videregående skole;;;;;;;;;;;;;;;;;*;*;*;*;3,6;7;*;*;;;;;;;;;;;;;;;;
NOR1267;Troms og Finnmark - Romsa ja Finnmárku - Tromssa ja Finmarkku (2020 - 2023);Vardø videregående skole;;;;;;;;;;;;;;;;;;;;;*;*;*;*;;;;;;;;;;;;;;;;
NOR1267;Trøndelag - Trööndelage;Alle skoler;;;;;;;;;;;;;;;;;3,8;406;4,1;617;4,0;721;4,5;931;3,6;690;3,9;1 014;4,0;695;4,5;1 025;3,6;695;4,0;924;4,0;700;4,4;930
NOR1267;Trøndelag - Trööndelage;Bybroen videregående skole AS;;;;;;;;;;;;;;;;;;;;;*;*;4,4;11;*;*;*;*;*;*;*;*;*;*;*;*;*;*;*;*
NOR1267;Trøndelag - Trööndelage;Byåsen videregående skole;;;;;;;;;;;;;;;;;4,3;38;4,7;21;3,5;74;4,4;54;3,4;87;4,2;69;3,8;90;4,5;75;3,5;66;4,1;60;3,5;66;4,5;60
NOR1267;Trøndelag - Trööndelage;Charlottenlund videregående skole;;;;;;;;;;;;;;;;;4,3;24;5,1;25;3,7;79;4,6;65;3,7;56;4,1;89;3,9;57;4,4;89;3,5;69;3,7;54;3,8;70;4,1;55
NOR1267;Trøndelag - Trööndelage;Fosen videregående skole;;;;;;;;;;;;;;;;;3,7;6;4,5;17;3,7;6;4,4;18;3,3;9;3,5;13;3,8;9;3,8;13;*;*;*;*;*;*;*;*
NOR1267;Trøndelag - Trööndelage;Gauldal videregående skole;;;;;;;;;;;;;;;;;3,5;11;3,2;13;4,4;11;4,4;13;3,8;8;4,1;26;3,9;9;4,5;26;3,3;7;3,5;20;4,6;7;4,6;20
NOR1267;Trøndelag - Trööndelage;Grong videregående skole;;;;;;;;;;;;;;;;;*;*;*;*;*;*;*;*;*;*;3,4;10;*;*;4,3;10;*;*;*;*;*;*;*;*
NOR1267;Trøndelag - Trööndelage;Guri Kunna videregående skole avd Hitra;;;;;;;;;;;;;;;;;3,6;8;3,7;7;3,9;8;3,9;7;3,8;12;2,7;6;4,3;12;3,8;6;*;*;*;*;*;*;*;*
NOR1267;Trøndelag - Trööndelage;Heimdal videregående skole;;;;;;;;;;;;;;;;;3,2;57;3,5;55;3,9;57;4,1;55;3,6;44;3,8;61;3,9;44;4,5;61;3,5;40;3,7;75;3,6;40;4,0;75
NOR1267;Trøndelag - Trööndelage;Inderøy videregående skole;;;;;;;;;;;;;;;;;*;*;*;*;*;*;*;*;3,9;9;3,5;11;4,2;9;4,6;11;3,0;6;3,5;6;3,2;6;4,2;6
NOR1267;Trøndelag - Trööndelage;Johan Bojer videregående skole;;;;;;;;;;;;;;;;;;;;;;;;;3,3;12;3,5;12;3,3;12;3,8;12;4,1;16;4,1;12;4,3;16;4,7;12
NOR1267;Trøndelag - Trööndelage;Johan Bojer videregående skole Skolested Leksvik;;;;;;;;;;;;;;;;;3,5;8;4,3;7;5,3;8;5,3;7;;;;;;;;;;;;;;;;
NOR1267;Trøndelag - Trööndelage;Johan Bojer videregående skole Skolested Rissa;;;;;;;;;;;;;;;;;4,0;9;4,0;16;4,2;9;4,2;16;;;;;;;;;;;;;;;;
NOR1267;Trøndelag - Trööndelage;Kristen videregående skole Trøndelag;;;;;;;;;;;;;;;;;*;*;*;*;4,5;61;*;*;*;*;*;*;*;*;*;*;3,9;60;*;*;4,6;60;*;*
NOR1267;Trøndelag - Trööndelage;Kyrksæterøra videregående skole;;;;;;;;;;;;;;;;;*;*;*;*;*;*;*;*;*;*;*;*;*;*;*;*;*;*;*;*;*;*;*;*
NOR1267;Trøndelag - Trööndelage;Levanger videregående skole;;;;;;;;;;;;;;;;;3,4;22;4,0;40;3,2;26;4,3;41;3,6;18;4,4;46;3,3;18;4,5;46;3,7;35;3,8;48;3,8;35;4,2;48
NOR1267;Trøndelag - Trööndelage;Malvik videregående skole;;;;;;;;;;;;;;;;;*;*;*;*;4,1;30;4,4;27;3,5;11;4,1;46;3,5;11;4,3;46;4,0;22;4,2;32;4,2;22;4,1;32
NOR1267;Trøndelag - Trööndelage;Melhus videregående skole;;;;;;;;;;;;;;;;;3,8;13;4,0;24;4,3;14;4,5;24;*;*;*;*;*;*;*;*;4,2;13;4,5;21;4,0;14;4,1;21
NOR1267;Trøndelag - Trööndelage;Meråker videregående skole;;;;;;;;;;;;;;;;;;;;;*;*;*;*;*;*;*;*;*;*;*;*;*;*;*;*;*;*;*;*
NOR1267;Trøndelag - Trööndelage;Olav Duun videregående skole;;;;;;;;;;;;;;;;;*;*;*;*;3,9;18;4,7;27;3,3;18;3,6;24;3,8;18;4,2;24;3,6;10;4,0;23;3,5;11;4,1;23
NOR1267;Trøndelag - Trööndelage;Ole Vig videregående skole;;;;;;;;;;;;;;;;;3,7;38;3,9;61;3,8;39;4,1;62;3,5;35;3,8;60;3,8;36;4,4;61;3,5;41;3,9;62;3,6;41;4,0;62
NOR1267;Trøndelag - Trööndelage;Oppdal videregående skole;;;;;;;;;;;;;;;;;*;*;*;*;*;*;*;*;*;*;*;*;*;*;*;*;*;*;*;*;*;*;*;*
NOR1267;Trøndelag - Trööndelage;Orkdal vidaregåande skole;;;;;;;;;;;;;;;;;3,5;26;4,3;22;3,9;26;4,7;22;4,0;19;3,8;29;4,2;19;4,4;29;4,0;23;4,2;25;3,8;23;4,2;25
NOR1267;Trøndelag - Trööndelage;Røros videregående skole;;;;;;;;;;;;;;;;;2,9;7;3,8;18;3,4;7;4,4;18;4,0;6;3,7;20;4,5;6;4,4;21;4,3;8;4,4;19;4,4;8;4,5;19
NOR1267;Trøndelag - Trööndelage;Selbu videregående skole;;;;;;;;;;;;;;;;;*;*;*;*;*;*;4,6;8;*;*;*;*;*;*;*;*;*;*;*;*;*;*;*;*
NOR1267;Trøndelag - Trööndelage;Steinkjer videregående skole;;;;;;;;;;;;;;;;;3,8;20;3,9;48;4,2;20;4,1;49;3,5;28;3,9;47;3,6;28;4,1;47;3,0;24;3,7;32;3,6;25;4,5;33
NOR1267;Trøndelag - Trööndelage;Strinda videregående skole;;;;;;;;;;;;;;;;;*;*;*;*;4,2;65;4,6;85;3,6;70;3,9;80;4,3;70;4,5;80;4,1;58;4,1;88;4,3;58;4,3;89
NOR1267;Trøndelag - Trööndelage;Thora Storm videregående skole;;;;;;;;;;;;;;;;;*;*;*;*;*;*;*;*;*;*;*;*;*;*;*;*;*;*;*;*;*;*;*;*
NOR1267;Trøndelag - Trööndelage;Tiller videregående skole;;;;;;;;;;;;;;;;;*;*;*;*;*;*;*;*;3,1;30;2,9;17;3,4;30;3,8;17;3,2;22;3,4;31;3,5;22;4,3;31
NOR1267;Trøndelag - Trööndelage;Trondheim katedralskole;;;;;;;;;;;;;;;;;*;*;*;*;3,8;53;4,9;71;3,3;51;4,0;73;4,0;50;4,9;74;3,4;58;4,1;70;3,9;59;4,7;71
NOR1267;Trøndelag - Trööndelage;Trøndelag nettskole;;;;;;;;;;;;;;;;;;;;;;;;;;;*;*;;;*;*;;;;;;;;
NOR1267;Trøndelag - Trööndelage;Verdal videregående skole;;;;;;;;;;;;;;;;;*;*;*;*;4,1;14;3,7;16;3,7;12;3,6;25;4,3;12;4,2;25;3,3;7;4,0;20;3,4;7;4,5;20
NOR1267;Trøndelag - Trööndelage;Ytre Namdal videregående skole;;;;;;;;;;;;;;;;;3,9;10;4,4;17;4,1;10;4,5;16;*;*;*;*;*;*;*;*;*;*;*;*;*;*;*;*
NOR1267;Trøndelag - Trööndelage;Åfjord videregående skole;;;;;;;;;;;;;;;;;*;*;*;*;*;*;*;*;;;*;*;;;*;*;*;*;*;*;*;*;*;*
NOR1267;Vestfold;Alle skoler;;;;;;;;;;;;;;;;;;;;;;;;;3,4;482;3,7;626;3,9;482;4,3;630;3,5;474;4,0;564;3,9;480;4,4;568
NOR1267;Vestfold;Greveskogen videregående skole;;;;;;;;;;;;;;;;;3,2;18;4,0;24;3,8;80;4,3;89;3,6;77;3,8;80;4,0;77;4,3;80;3,3;96;3,9;79;3,9;99;4,5;79
NOR1267;Vestfold;Holmestrand videregående skole;;;;;;;;;;;;;;;;;*;*;*;*;3,6;16;4,7;7;3,1;25;3,2;27;3,8;25;3,8;27;2,7;15;3,8;11;3,7;15;4,7;11
NOR1267;Vestfold;Horten videregående skole;;;;;;;;;;;;;;;;;3,8;24;4,4;23;4,2;76;4,7;91;3,4;49;3,8;84;4,3;49;4,6;85;3,5;52;4,1;75;3,8;52;4,6;76
NOR1267;Vestfold;Melsom videregående skole;;;;;;;;;;;;;;;;;;;*;*;;;3,6;7;;;*;*;;;*;*;;;*;*;;;*;*
NOR1267;Vestfold;Nøtterøy videregående skole;;;;;;;;;;;;;;;;;*;*;*;*;*;*;*;*;3,4;64;3,9;72;3,6;64;4,1;74;3,5;67;4,4;86;3,6;67;4,4;86
NOR1267;Vestfold;Re videregående skole;;;;;;;;;;;;;;;;;*;*;*;*;4,0;44;4,5;47;3,2;40;3,6;76;4,1;40;4,3;76;3,4;25;3,9;55;4,0;25;4,5;55
NOR1267;Vestfold;Sande videregående skole;;;;;;;;;;;;;;;;;;;*;*;4,1;17;4,7;19;3,6;19;*;*;3,8;19;*;*;3,4;20;*;*;4,2;20;*;*
NOR1267;Vestfold;Sandefjord videregående skole;;;;;;;;;;;;;;;;;*;*;*;*;3,6;132;4,3;99;3,3;122;3,8;150;3,7;122;4,4;151;3,5;103;3,8;124;3,8;104;4,4;127
NOR1267;Vestfold;Thor Heyerdahl videregående skole;;;;;;;;;;;;;;;;;4,4;15;4,6;26;3,8;49;3,9;70;3,6;47;3,6;94;4,0;47;4,3;94;3,6;56;3,8;87;4,1;56;4,2;87
NOR1267;Vestfold;Wang Tønsberg AS;;;;;;;;;;;;;;;;;*;*;*;*;3,1;39;4,3;20;3,6;39;4,1;21;3,7;39;4,2;21;3,8;40;4,3;24;3,7;42;4,8;24
NOR1267;Vestfold og Telemark (2020 - 2023);Alle skoler;;;;;;;;;;;;;;;;;3,9;241;4,5;318;3,8;800;4,4;924;;;;;;;;;;;;;;;;
NOR1267;Vestfold og Telemark (2020 - 2023);Bamble videregående skole;;;;;;;;;;;;;;;;;4,0;6;4,4;22;3,7;23;3,7;35;;;;;;;;;;;;;;;;
NOR1267;Vestfold og Telemark (2020 - 2023);Bø vidaregåande skule;;;;;;;;;;;;;;;;;4,3;10;*;*;4,3;32;4,9;36;;;;;;;;;;;;;;;;
NOR1267;Vestfold og Telemark (2020 - 2023);Greveskogen videregående skole;;;;;;;;;;;;;;;;;3,2;18;4,0;24;3,8;80;4,3;89;;;;;;;;;;;;;;;;
NOR1267;Vestfold og Telemark (2020 - 2023);Holmestrand videregående skole;;;;;;;;;;;;;;;;;*;*;*;*;3,6;16;4,7;7;;;;;;;;;;;;;;;;
NOR1267;Vestfold og Telemark (2020 - 2023);Horten videregående skole;;;;;;;;;;;;;;;;;3,8;24;4,4;23;4,2;76;4,7;91;;;;;;;;;;;;;;;;
NOR1267;Vestfold og Telemark (2020 - 2023);Kragerø videregående skole;;;;;;;;;;;;;;;;;*;*;*;*;3,7;6;4,0;17;;;;;;;;;;;;;;;;
NOR1267;Vestfold og Telemark (2020 - 2023);Kvitsund gymnas;;;;;;;;;;;;;;;;;*;*;*;*;4,1;15;4,6;28;;;;;;;;;;;;;;;;
NOR1267;Vestfold og Telemark (2020 - 2023);Melsom videregående skole;;;;;;;;;;;;;;;;;;;*;*;;;3,6;7;;;;;;;;;;;;;;;;
NOR1267;Vestfold og Telemark (2020 - 2023);Notodden videregående skole;;;;;;;;;;;;;;;;;3,8;10;3,8;6;3,3;26;3,4;15;;;;;;;;;;;;;;;;
NOR1267;Vestfold og Telemark (2020 - 2023);Nøtterøy videregående skole;;;;;;;;;;;;;;;;;*;*;*;*;*;*;*;*;;;;;;;;;;;;;;;;
NOR1267;Vestfold og Telemark (2020 - 2023);Porsgrunn videregående skole;;;;;;;;;;;;;;;;;3,8;21;5,0;41;3,6;50;4,7;83;;;;;;;;;;;;;;;;
NOR1267;Vestfold og Telemark (2020 - 2023);Re videregående skole;;;;;;;;;;;;;;;;;*;*;*;*;4,0;44;4,5;47;;;;;;;;;;;;;;;;
NOR1267;Vestfold og Telemark (2020 - 2023);Rjukan videregående skole;;;;;;;;;;;;;;;;;*;*;*;*;4,2;9;4,6;15;;;;;;;;;;;;;;;;
NOR1267;Vestfold og Telemark (2020 - 2023);Sande videregående skole;;;;;;;;;;;;;;;;;;;*;*;4,1;17;4,7;19;;;;;;;;;;;;;;;;
NOR1267;Vestfold og Telemark (2020 - 2023);Sandefjord videregående skole;;;;;;;;;;;;;;;;;*;*;*;*;3,6;132;4,3;99;;;;;;;;;;;;;;;;
NOR1267;Vestfold og Telemark (2020 - 2023);Skien videregående skole;;;;;;;;;;;;;;;;;*;*;*;*;3,9;80;4,5;134;;;;;;;;;;;;;;;;
NOR1267;Vestfold og Telemark (2020 - 2023);Stiftelsen Telemark Toppidrett gymnas;;;;;;;;;;;;;;;;;3,5;24;4,3;14;3,9;38;4,5;28;;;;;;;;;;;;;;;;
NOR1267;Vestfold og Telemark (2020 - 2023);Thor Heyerdahl videregående skole;;;;;;;;;;;;;;;;;4,4;15;4,6;26;3,8;49;3,9;70;;;;;;;;;;;;;;;;
NOR1267;Vestfold og Telemark (2020 - 2023);Vest-Telemark vidaregåande skule;;;;;;;;;;;;;;;;;;;*;*;*;*;*;*;;;;;;;;;;;;;;;;
NOR1267;Vestfold og Telemark (2020 - 2023);Wang Tønsberg AS;;;;;;;;;;;;;;;;;*;*;*;*;3,1;39;4,3;20;;;;;;;;;;;;;;;;
NOR1267;Vestland;Alle skoler;;;;;;;;;;;;;;;;;4,2;282;4,8;461;3,9;1 208;4,4;1 625;3,5;1 197;3,8;1 563;4,0;1 218;4,4;1 595;3,5;1 112;3,9;1 496;3,9;1 125;4,3;1 507
NOR1267;Vestland;Akademiet Vgs Bergen AS;;;;;;;;;;;;;;;;;3,3;8;3,5;11;3,4;13;3,6;18;*;*;*;*;*;*;*;*;*;*;*;*;*;*;*;*
NOR1267;Vestland;Amalie Skram videregående skole;;;;;;;;;;;;;;;;;5,0;23;*;*;4,4;93;4,7;138;3,9;109;3,9;114;4,4;109;4,6;114;*;*;*;*;*;*;*;*
NOR1267;Vestland;Arna vidaregåande skule;;;;;;;;;;;;;;;;;*;*;;;*;*;*;*;*;*;*;*;*;*;*;*;*;*;*;*;3,2;9;4,0;21
NOR1267;Vestland;Askøy videregående skole;;;;;;;;;;;;;;;;;3,0;6;4,3;17;3,7;29;4,2;46;3,0;35;3,7;11;4,3;35;4,6;11;3,0;25;3,7;31;4,1;25;4,5;31
NOR1267;Vestland;Austrheim vidaregåande skule;;;;;;;;;;;;;;;;;*;*;*;*;*;*;*;*;2,6;7;3,1;10;3,4;7;4,6;10;*;*;*;*;*;*;*;*
NOR1267;Vestland;Bergen katedralskole;;;;;;;;;;;;;;;;;4,9;14;5,2;53;4,3;64;4,6;138;3,8;46;4,1;131;4,3;46;4,6;134;3,9;43;4,2;139;4,2;44;4,4;140
NOR1267;Vestland;Bergen private gymnas AS;;;;;;;;;;;;;;;;;*;*;*;*;*;*;*;*;3,2;50;3,5;88;3,8;50;4,3;88;3,2;53;3,5;61;3,9;54;*;*
NOR1267;Vestland;Bømlo vidaregåande skule;;;;;;;;;;;;;;;;;*;*;*;*;4,2;15;4,4;22;*;*;*;*;*;*;*;*;3,7;15;4,1;16;4,2;15;4,4;16
NOR1267;Vestland;Dale vidaregåande skule;;;;;;;;;;;;;;;;;*;*;*;*;3,9;10;4,5;11;3,8;6;4,0;20;5,2;6;5,1;20;3,2;12;3,9;15;4,7;12;5,1;15
NOR1267;Vestland;Danielsen Intensivgymnas;;;;;;;;;;;;;;;;;*;*;;;*;*;*;*;*;*;*;*;*;*;*;*;*;*;*;*;*;*;*;*
NOR1267;Vestland;Danielsen videregående skole;;;;;;;;;;;;;;;;;3,8;6;4,2;13;4,2;53;4,4;81;3,0;51;3,6;60;4,2;52;4,6;60;3,6;33;3,8;53;3,9;36;4,2;53
NOR1267;Vestland;Eid vidaregåande skule;;;;;;;;;;;;;;;;;*;*;*;*;3,3;13;4,1;37;2,7;12;*;*;2,9;12;*;*;3,5;20;4,2;29;3,4;20;4,1;29
NOR1267;Vestland;Firda vidaregåande skule;;;;;;;;;;;;;;;;;*;*;*;*;4,1;9;4,6;25;3,5;8;3,5;11;4,0;9;4,1;11;3,4;10;3,5;12;4,2;10;3,9;12
NOR1267;Vestland;Flora vidaregåande skule;;;;;;;;;;;;;;;;;*;*;*;*;*;*;*;*;3,1;10;3,5;35;4,1;11;4,4;35;3,4;16;3,9;24;4,2;16;4,5;24
NOR1267;Vestland;Framnes Kristne vidaregåande skule;;;;;;;;;;;;;;;;;*;*;*;*;4,0;20;4,2;28;3,9;21;4,1;37;4,0;21;4,5;37;*;*;*;*;*;*;*;*
NOR1267;Vestland;Fusa vidaregåande skule;;;;;;;;;;;;;;;;;;;*;*;*;*;*;*;*;*;*;*;*;*;*;*;;;*;*;;;*;*
NOR1267;Vestland;Fyllingsdalen videregående skole;;;;;;;;;;;;;;;;;3,5;17;*;*;*;*;*;*;*;*;*;*;*;*;*;*;2,8;34;3,7;25;3,4;35;4,0;25
NOR1267;Vestland;Førde vidaregåande skule;;;;;;;;;;;;;;;;;;;;;;;;;*;*;*;*;*;*;*;*;*;*;*;*;*;*;*;*
NOR1267;Vestland;Hafstad videregående skule;;;;;;;;;;;;;;;;;*;*;*;*;3,5;60;4,2;51;;;;;;;;;;;;;;;;
NOR1267;Vestland;Høyanger vidaregåande skule;;;;;;;;;;;;;;;;;*;*;*;*;*;*;*;*;*;*;*;*;*;*;*;*;*;*;*;*;*;*;*;*
NOR1267;Vestland;Knarvik vidaregåande skule;;;;;;;;;;;;;;;;;*;*;*;*;3,6;23;3,6;44;3,5;33;3,5;42;3,4;33;4,0;43;3,3;36;3,7;36;3,6;36;3,9;36
NOR1267;Vestland;Kvam vidaregåande skule;;;;;;;;;;;;;;;;;*;*;*;*;3,2;19;3,9;15;2,8;16;3,4;25;2,9;16;3,6;25;2,9;12;3,3;15;3,3;12;3,5;15
NOR1267;Vestland;Kvinnherad vidaregåande skule;;;;;;;;;;;;;;;;;*;*;*;*;3,8;21;4,7;28;3,4;16;3,6;30;3,8;16;4,6;31;2,9;18;3,8;21;3,2;18;4,0;22
NOR1267;Vestland;Langhaugen videregående skole;;;;;;;;;;;;;;;;;5,1;17;4,8;30;4,1;47;4,4;96;3,6;57;4,0;85;4,0;57;4,2;85;3,7;56;4,2;90;4,4;56;4,8;90
NOR1267;Vestland;Metis videregående AS;;;;;;;;;;;;;;;;;*;*;*;*;3,9;53;4,5;65;3,6;37;4,0;75;4,2;37;4,3;75;*;*;4,0;67;3,7;39;4,4;67
NOR1267;Vestland;Måløy vidaregåande skule;;;;;;;;;;;;;;;;;*;*;4,8;12;*;*;4,7;18;3,2;10;*;*;3,5;10;*;*;3,4;7;3,8;20;*;*;4,7;20
NOR1267;Vestland;Nordahl Grieg videregående skole;;;;;;;;;;;;;;;;;*;*;*;*;4,0;98;4,4;101;3,9;91;4,1;91;4,0;100;4,3;104;3,7;76;4,1;119;3,8;76;4,2;121
NOR1267;Vestland;Norges Toppidrettsgymnas Bergen AS;;;;;;;;;;;;;;;;;;;;;;;;;3,5;22;3,7;14;3,6;21;4,5;15;3,5;35;4,3;26;3,4;35;4,7;26
NOR1267;Vestland;Odda vidaregåande skule;;;;;;;;;;;;;;;;;*;*;;;*;*;*;*;2,7;10;3,8;15;3,6;10;4,0;15;*;*;*;*;*;*;*;*
NOR1267;Vestland;Olsvikåsen videregående skole;;;;;;;;;;;;;;;;;*;*;*;*;4,2;41;4,7;46;3,6;45;4,0;39;4,2;47;4,8;40;*;*;*;*;*;*;*;*
NOR1267;Vestland;Os gymnas;;;;;;;;;;;;;;;;;*;*;*;*;3,7;29;4,0;25;3,5;29;3,7;22;4,1;29;4,3;23;3,3;27;4,0;17;3,6;27;4,4;17
NOR1267;Vestland;Osterøy vidaregåande skule;;;;;;;;;;;;;;;;;*;*;*;*;3,8;8;4,8;12;3,7;10;4,1;13;3,9;10;4,6;13;3,7;10;3,6;12;4,2;10;4,5;12
NOR1267;Vestland;Sandsli videregående skole;;;;;;;;;;;;;;;;;4,4;10;5,0;15;4,0;85;4,7;61;3,7;80;3,8;52;4,0;80;4,4;52;3,1;60;4,0;35;3,7;60;4,4;36
NOR1267;Vestland;Sogndal vidaregåande skule;;;;;;;;;;;;;;;;;*;*;*;*;4,2;25;4,2;46;4,0;12;4,3;50;4,0;12;4,0;51;3,6;20;4,0;28;3,9;20;3,9;28
NOR1267;Vestland;Sotra vidaregåande skule;;;;;;;;;;;;;;;;;*;*;*;*;3,9;35;5,0;41;3,4;26;3,6;41;4,1;26;4,4;42;3,9;37;4,1;28;3,8;38;4,4;28
NOR1267;Vestland;St. Paul gymnas;;;;;;;;;;;;;;;;;*;*;4,4;12;*;*;*;*;3,2;45;*;*;*;*;*;*;3,2;40;3,3;43;3,7;41;4,3;44
NOR1267;Vestland;Stord vidaregåande skule;;;;;;;;;;;;;;;;;*;*;*;*;3,4;24;4,2;40;3,3;23;3,7;37;4,0;23;4,4;38;3,4;25;3,3;32;3,6;26;3,7;32
NOR1267;Vestland;Stryn vidaregåande skule;;;;;;;;;;;;;;;;;*;*;*;*;*;*;3,3;12;2,9;13;3,6;31;3,3;13;4,0;31;3,4;17;3,9;18;3,2;17;3,7;18
NOR1267;Vestland;Sygna Vgs;;;;;;;;;;;;;;;;;;;;;;;3,3;6;*;*;*;*;4,3;12;4,7;13;*;*;3,0;6;*;*;3,8;6
NOR1267;Vestland;Tertnes vidaregåande skule;;;;;;;;;;;;;;;;;4,1;17;4,3;9;3,7;86;3,9;71;3,4;83;3,9;76;3,6;88;4,1;79;3,4;89;3,8;66;3,7;90;3,8;66
NOR1267;Vestland;Voss gymnas;;;;;;;;;;;;;;;;;*;*;*;*;3,1;10;4,2;27;3,9;17;3,9;30;4,1;17;4,3;30;*;*;4,0;30;3,5;18;4,1;30
NOR1267;Vestland;Årdal vidaregåande skule;;;;;;;;;;;;;;;;;*;*;*;*;*;*;*;*;3,8;8;4,5;15;3,5;8;4,3;15;*;*;*;*;*;*;*;*
NOR1267;Vestland;Årstad videregående skole;;;;;;;;;;;;;;;;;;;*;*;*;*;*;*;*;*;*;*;*;*;*;*;;;;;;;;
NOR1267;Viken (2020 - 2023);Alle skoler;;;;;;;;;;;;;;;;;4,1;613;4,5;697;3,9;2 720;4,4;3 243;;;;;;;;;;;;;;;;
NOR1267;Viken (2020 - 2023);Akademiet Drammen AS;;;;;;;;;;;;;;;;;*;*;*;*;4,7;22;5,1;34;;;;;;;;;;;;;;;;
NOR1267;Viken (2020 - 2023);Akademiet Vgs Bragernes Drammen AS;;;;;;;;;;;;;;;;;*;*;*;*;3,4;16;4,1;26;;;;;;;;;;;;;;;;
NOR1267;Viken (2020 - 2023);Akademiet Ypsilon videregående skole AS;;;;;;;;;;;;;;;;;*;*;*;*;3,9;17;4,3;39;;;;;;;;;;;;;;;;
NOR1267;Viken (2020 - 2023);Asker videregående skole;;;;;;;;;;;;;;;;;*;*;*;*;4,5;76;4,8;98;;;;;;;;;;;;;;;;
NOR1267;Viken (2020 - 2023);Askim videregående skole;;;;;;;;;;;;;;;;;*;*;*;*;3,6;56;4,2;79;;;;;;;;;;;;;;;;
NOR1267;Viken (2020 - 2023);Bjertnes videregående skole;;;;;;;;;;;;;;;;;4,4;7;5,1;10;3,6;60;4,2;63;;;;;;;;;;;;;;;;
NOR1267;Viken (2020 - 2023);Bjørkelangen videregående skole;;;;;;;;;;;;;;;;;*;*;*;*;3,6;26;4,3;33;;;;;;;;;;;;;;;;
NOR1267;Viken (2020 - 2023);Briskeby videregående skole AS;;;;;;;;;;;;;;;;;*;*;*;*;*;*;*;*;;;;;;;;;;;;;;;;
NOR1267;Viken (2020 - 2023);Buskerud videregående skole;;;;;;;;;;;;;;;;;*;*;*;*;*;*;*;*;;;;;;;;;;;;;;;;
NOR1267;Viken (2020 - 2023);Drammen videregående skole;;;;;;;;;;;;;;;;;4,0;28;4,3;51;4,1;102;4,3;176;;;;;;;;;;;;;;;;
NOR1267;Viken (2020 - 2023);Dønski videregående skole;;;;;;;;;;;;;;;;;*;*;*;*;3,8;44;3,9;32;;;;;;;;;;;;;;;;
NOR1267;Viken (2020 - 2023);Eidsvoll videregående skole;;;;;;;;;;;;;;;;;*;*;*;*;4,4;17;4,6;24;;;;;;;;;;;;;;;;
NOR1267;Viken (2020 - 2023);Eikeli videregående skole;;;;;;;;;;;;;;;;;4,1;22;4,4;7;3,3;82;4,0;45;;;;;;;;;;;;;;;;
NOR1267;Viken (2020 - 2023);Eiker videregående skole;;;;;;;;;;;;;;;;;4,3;9;4,1;16;3,9;47;4,2;63;;;;;;;;;;;;;;;;
NOR1267;Viken (2020 - 2023);Feiring videregående skole AS;;;;;;;;;;;;;;;;;*;*;*;*;*;*;*;*;;;;;;;;;;;;;;;;
NOR1267;Viken (2020 - 2023);Frederik Ii videregående skole;;;;;;;;;;;;;;;;;4,2;17;4,8;17;3,6;84;4,5;109;;;;;;;;;;;;;;;;
NOR1267;Viken (2020 - 2023);Frogn videregående skole;;;;;;;;;;;;;;;;;*;*;*;*;4,0;60;4,3;76;;;;;;;;;;;;;;;;
NOR1267;Viken (2020 - 2023);Glemmen videregående skole;;;;;;;;;;;;;;;;;*;*;;;*;*;*;*;;;;;;;;;;;;;;;;
NOR1267;Viken (2020 - 2023);Gol vidaregåande skule;;;;;;;;;;;;;;;;;;;*;*;3,4;16;4,3;27;;;;;;;;;;;;;;;;
NOR1267;Viken (2020 - 2023);Greåker videregående skole;;;;;;;;;;;;;;;;;*;*;*;*;3,7;75;3,9;92;;;;;;;;;;;;;;;;
NOR1267;Viken (2020 - 2023);Halden montessoriskole AS;;;;;;;;;;;;;;;;;*;*;;;*;*;;;;;;;;;;;;;;;;;;
NOR1267;Viken (2020 - 2023);Halden videregående skole;;;;;;;;;;;;;;;;;*;*;*;*;3,6;45;3,8;60;;;;;;;;;;;;;;;;
NOR1267;Viken (2020 - 2023);Hans Nielsen Hauge videregående skole;;;;;;;;;;;;;;;;;3,8;22;3,6;38;4,0;21;4,3;38;;;;;;;;;;;;;;;;
NOR1267;Viken (2020 - 2023);Hoppensprett Akademiet Vgs Jessheim AS;;;;;;;;;;;;;;;;;;;*;*;4,0;14;4,8;20;;;;;;;;;;;;;;;;
NOR1267;Viken (2020 - 2023);Jessheim videregående skole;;;;;;;;;;;;;;;;;4,2;18;4,3;20;4,0;78;4,5;104;;;;;;;;;;;;;;;;
NOR1267;Viken (2020 - 2023);Kirkeparken videregående skole;;;;;;;;;;;;;;;;;4,0;8;4,7;10;4,1;58;4,4;83;;;;;;;;;;;;;;;;
NOR1267;Viken (2020 - 2023);Kongsberg videregående skole;;;;;;;;;;;;;;;;;*;*;*;*;4,0;61;4,5;74;;;;;;;;;;;;;;;;
NOR1267;Viken (2020 - 2023);Lillestrøm videregående skole;;;;;;;;;;;;;;;;;4,9;9;5,5;28;4,3;65;4,7;103;;;;;;;;;;;;;;;;
NOR1267;Viken (2020 - 2023);Lørenskog videregående skole;;;;;;;;;;;;;;;;;4,4;19;4,9;21;4,4;50;4,6;81;;;;;;;;;;;;;;;;
NOR1267;Viken (2020 - 2023);Mailand videregående skole;;;;;;;;;;;;;;;;;*;*;*;*;3,8;50;4,4;92;;;;;;;;;;;;;;;;
NOR1267;Viken (2020 - 2023);Malakoff videregående skole;;;;;;;;;;;;;;;;;*;*;*;*;4,1;54;4,3;46;;;;;;;;;;;;;;;;
NOR1267;Viken (2020 - 2023);Mysen videregående skole;;;;;;;;;;;;;;;;;*;*;*;*;*;*;*;*;;;;;;;;;;;;;;;;
NOR1267;Viken (2020 - 2023);Nadderud videregående skole;;;;;;;;;;;;;;;;;*;*;*;*;4,6;54;4,8;93;;;;;;;;;;;;;;;;
NOR1267;Viken (2020 - 2023);Nannestad videregående skole;;;;;;;;;;;;;;;;;*;*;*;*;4,1;46;4,7;37;;;;;;;;;;;;;;;;
NOR1267;Viken (2020 - 2023);Nes videregående skole;;;;;;;;;;;;;;;;;*;*;*;*;4,0;20;4,4;33;;;;;;;;;;;;;;;;
NOR1267;Viken (2020 - 2023);Nesbru videregående skole;;;;;;;;;;;;;;;;;3,4;17;3,6;7;3,5;92;4,0;79;;;;;;;;;;;;;;;;
NOR1267;Viken (2020 - 2023);Nesodden videregående skole;;;;;;;;;;;;;;;;;5,5;6;5,0;6;4,1;55;4,5;37;;;;;;;;;;;;;;;;
NOR1267;Viken (2020 - 2023);Norges Realfagsgymnas Sandvika AS;;;;;;;;;;;;;;;;;*;*;*;*;4,3;13;4,8;10;;;;;;;;;;;;;;;;
NOR1267;Viken (2020 - 2023);Norges Toppidrettsgymnas Bærum AS;;;;;;;;;;;;;;;;;3,5;84;4,0;35;4,3;84;4,9;35;;;;;;;;;;;;;;;;
NOR1267;Viken (2020 - 2023);Norges Toppidrettsgymnas Geilo AS;;;;;;;;;;;;;;;;;3,8;13;3,8;15;4,2;13;4,7;15;;;;;;;;;;;;;;;;
NOR1267;Viken (2020 - 2023);Numedal videregående skole;;;;;;;;;;;;;;;;;*;*;;;*;*;*;*;;;;;;;;;;;;;;;;
NOR1267;Viken (2020 - 2023);Ringerike videregående skole;;;;;;;;;;;;;;;;;*;*;*;*;4,0;44;4,6;76;;;;;;;;;;;;;;;;
NOR1267;Viken (2020 - 2023);Roald Amundsen videregående skole;;;;;;;;;;;;;;;;;*;*;4,0;10;3,9;61;4,0;44;;;;;;;;;;;;;;;;
NOR1267;Viken (2020 - 2023);Rosenvilde videregående skole;;;;;;;;;;;;;;;;;*;*;*;*;4,1;45;4,5;77;;;;;;;;;;;;;;;;
NOR1267;Viken (2020 - 2023);Rælingen videregående skole;;;;;;;;;;;;;;;;;*;*;*;*;3,3;37;4,1;47;;;;;;;;;;;;;;;;
NOR1267;Viken (2020 - 2023);Røyken videregående skole;;;;;;;;;;;;;;;;;*;*;*;*;4,0;45;4,9;41;;;;;;;;;;;;;;;;
NOR1267;Viken (2020 - 2023);Sandvika videregående skole;;;;;;;;;;;;;;;;;*;*;*;*;4,1;70;4,6;135;;;;;;;;;;;;;;;;
NOR1267;Viken (2020 - 2023);Skedsmo videregående skole;;;;;;;;;;;;;;;;;3,9;8;4,7;9;4,0;90;4,6;81;;;;;;;;;;;;;;;;
NOR1267;Viken (2020 - 2023);Ski videregående skole;;;;;;;;;;;;;;;;;*;*;*;*;4,3;57;4,7;90;;;;;;;;;;;;;;;;
NOR1267;Viken (2020 - 2023);St Hallvard videregående skole;;;;;;;;;;;;;;;;;*;*;*;*;3,5;58;3,7;77;;;;;;;;;;;;;;;;
NOR1267;Viken (2020 - 2023);St. Olav videregående skole;;;;;;;;;;;;;;;;;*;*;*;*;3,3;59;3,6;61;;;;;;;;;;;;;;;;
NOR1267;Viken (2020 - 2023);Stabekk videregående skole;;;;;;;;;;;;;;;;;3,7;9;5,0;11;4,1;74;5,0;42;;;;;;;;;;;;;;;;
NOR1267;Viken (2020 - 2023);Sørumsand videregående skole;;;;;;;;;;;;;;;;;*;*;;;3,5;30;4,3;19;;;;;;;;;;;;;;;;
NOR1267;Viken (2020 - 2023);Tomb videregående skole;;;;;;;;;;;;;;;;;;;*;*;*;*;*;*;;;;;;;;;;;;;;;;
NOR1267;Viken (2020 - 2023);Tyrifjord videregående skole;;;;;;;;;;;;;;;;;*;*;*;*;3,8;12;4,5;24;;;;;;;;;;;;;;;;
NOR1267;Viken (2020 - 2023);Valler videregående skole;;;;;;;;;;;;;;;;;5,1;15;5,2;13;4,7;76;5,0;101;;;;;;;;;;;;;;;;
NOR1267;Viken (2020 - 2023);Vestby videregående skole;;;;;;;;;;;;;;;;;4,3;19;4,6;14;3,3;53;3,9;42;;;;;;;;;;;;;;;;
NOR1267;Viken (2020 - 2023);Wang Fredrikstad AS;;;;;;;;;;;;;;;;;*;*;*;*;3,6;39;4,2;21;;;;;;;;;;;;;;;;
NOR1267;Viken (2020 - 2023);Wang Romerike AS;;;;;;;;;;;;;;;;;*;*;*;*;3,9;71;4,8;52;;;;;;;;;;;;;;;;
NOR1267;Viken (2020 - 2023);Ås videregående skole;;;;;;;;;;;;;;;;;*;*;*;*;4,5;45;4,6;72;;;;;;;;;;;;;;;;
NOR1267;Østfold;Alle skoler;;;;;;;;;;;;;;;;;;;;;;;;;3,4;492;3,7;650;3,7;498;4,2;656;3,3;517;3,7;600;3,7;520;4,1;606
NOR1267;Østfold;Akademiet Fredrikstad AS Privat videregående skole;;;;;;;;;;;;;;;;;;;;;;;;;;;;;;;;;2,7;12;3,3;25;3,1;12;3,8;25
NOR1267;Østfold;Askim videregående skole;;;;;;;;;;;;;;;;;*;*;*;*;3,6;56;4,2;79;3,4;46;3,8;57;3,6;47;4,6;57;3,3;56;3,7;74;3,4;56;3,8;77
NOR1267;Østfold;Frederik Ii videregående skole;;;;;;;;;;;;;;;;;4,2;17;4,8;17;3,6;84;4,5;109;3,6;80;3,8;125;3,7;82;4,3;127;3,2;81;3,6;85;3,7;81;4,0;85
NOR1267;Østfold;Glemmen videregående skole;;;;;;;;;;;;;;;;;*;*;;;*;*;*;*;;;*;*;*;*;*;*;;;*;*;;;*;*
NOR1267;Østfold;Greåker videregående skole;;;;;;;;;;;;;;;;;*;*;*;*;3,7;75;3,9;92;3,4;64;3,6;99;3,4;64;3,7;99;3,4;70;3,9;85;3,9;71;4,1;85
NOR1267;Østfold;Halden videregående skole;;;;;;;;;;;;;;;;;*;*;*;*;3,6;45;3,8;60;3,8;35;4,0;52;3,9;36;4,0;53;*;*;3,9;56;*;*;4,2;56
NOR1267;Østfold;Hans Nielsen Hauge videregående skole;;;;;;;;;;;;;;;;;3,8;22;3,6;38;4,0;21;4,3;38;3,3;25;3,8;33;3,8;25;4,5;33;3,2;38;3,5;28;3,6;39;4,1;27
NOR1267;Østfold;Kirkeparken videregående skole;;;;;;;;;;;;;;;;;4,0;8;4,7;10;4,1;58;4,4;83;3,6;56;3,8;89;3,9;56;4,1;89;3,7;58;4,0;83;3,8;59;4,4;84
NOR1267;Østfold;Malakoff videregående skole;;;;;;;;;;;;;;;;;*;*;*;*;4,1;54;4,3;46;3,3;56;3,8;47;3,4;56;4,2;48;3,0;45;3,2;42;3,4;45;3,5;44
NOR1267;Østfold;Mysen videregående skole;;;;;;;;;;;;;;;;;*;*;*;*;*;*;*;*;*;*;3,2;50;*;*;4,3;51;*;*;*;*;*;*;*;*
NOR1267;Østfold;St. Olav videregående skole;;;;;;;;;;;;;;;;;*;*;*;*;3,3;59;3,6;61;3,3;52;3,4;60;3,8;52;4,2;61;3,0;46;3,4;45;3,0;46;3,5;45
NOR1267;Østfold;Tomb videregående skole;;;;;;;;;;;;;;;;;;;*;*;*;*;*;*;*;*;*;*;*;*;*;*;;;;;;;;
NOR1267;Østfold;Wang Fredrikstad AS;;;;;;;;;;;;;;;;;*;*;*;*;3,6;39;4,2;21;3,4;39;4,1;25;3,6;39;4,5;25;3,5;39;4,2;25;3,7;39;4,6;25
NOR1267;Alle fylker;Alle skoler;;;;;;;;;;;;;;;;;3,3;12;3,8;16;3,8;15;4,9;29;2,6;14;3,3;41;3,3;15;4,3;39;2,9;13;3,7;29;3,3;14;4,6;29
NOR1267;Utlandet;Alle skoler;;;;;;;;;;;;;;;;;3,3;12;3,8;16;3,8;15;4,9;29;2,6;14;3,3;41;3,3;15;4,3;39;2,9;13;3,7;29;3,3;14;4,6;29
NOR1267;Utlandet;Den norske skole - Costa Blanca;;;;;;;;;;;;;;;;;*;*;*;*;3,6;9;4,7;9;3,0;7;3,9;15;3,3;7;4,6;14;2,5;6;3,5;12;2,3;6;4,3;12
NOR1267;Utlandet;Den norske skole - Gran Canaria;;;;;;;;;;;;;;;;;*;*;*;*;*;*;*;*;*;*;*;*;*;*;*;*;*;*;*;*;*;*;*;*
NOR1267;Utlandet;Den norske skolen i Rojales (DNSR);;;;;;;;;;;;;;;;;*;*;3,0;6;*;*;*;*;*;*;*;*;*;*;*;*;*;*;*;*;*;*;*;*
REA3004;Alle fylker;Alle skoler;;;;;4,4;4 361;4,5;3 754;;;;;4,8;16;4,6;8;;;;;;;;;;;;;;;;;;;;;;;;
REA3004;Alle fylker;Alle skoler;;;;;4,4;4 361;4,5;3 754;;;;;4,8;16;4,6;8;;;;;;;;;;;;;;;;;;;;;;;;
REA3004;Agder;Alle skoler;;;;;4,4;223;4,5;205;;;;;;;;;;;;;;;;;;;;;;;;;;;;;;;;
REA3004;Agder;Arendal videregående skole avd Tyholmen;;;;;4,2;28;*;*;;;;;;;;;;;;;;;;;;;;;;;;;;;;;;;;
REA3004;Agder;Dahlske videregående skole;;;;;4,1;11;4,2;11;;;;;;;;;;;;;;;;;;;;;;;;;;;;;;;;
REA3004;Agder;Drottningborg Vgs AS;;;;;4,9;14;5,5;13;;;;;;;;;;;;;;;;;;;;;;;;;;;;;;;;
REA3004;Agder;Eilert Sundt videregående skole Studiested Farsund;;;;;4,2;10;4,8;8;;;;;;;;;;;;;;;;;;;;;;;;;;;;;;;;
REA3004;Agder;Flekkefjord videregående skole Studiested Flekkefjord;;;;;3,0;8;3,6;11;;;;;;;;;;;;;;;;;;;;;;;;;;;;;;;;
REA3004;Agder;Kristiansand katedralskole Gimle;;;;;*;*;4,8;54;;;;;;;;;;;;;;;;;;;;;;;;;;;;;;;;
REA3004;Agder;Lillesand videregående skole;;;;;*;*;*;*;;;;;;;;;;;;;;;;;;;;;;;;;;;;;;;;
REA3004;Agder;Mandal videregående skole;;;;;*;*;4,0;19;;;;;;;;;;;;;;;;;;;;;;;;;;;;;;;;
REA3004;Agder;Risør videregående skole;;;;;*;*;*;*;;;;;;;;;;;;;;;;;;;;;;;;;;;;;;;;
REA3004;Agder;Setesdal vidaregåande skule;;;;;*;*;5,1;13;;;;;;;;;;;;;;;;;;;;;;;;;;;;;;;;
REA3004;Agder;Tangen videregående skole;;;;;*;*;*;*;;;;;;;;;;;;;;;;;;;;;;;;;;;;;;;;
REA3004;Agder;Tvedestrand videregående skole;;;;;3,8;10;4,3;8;;;;;;;;;;;;;;;;;;;;;;;;;;;;;;;;
REA3004;Agder;Vennesla videregående skole;;;;;*;*;*;*;;;;;;;;;;;;;;;;;;;;;;;;;;;;;;;;
REA3004;Agder;Vågsbygd videregående skole;;;;;*;*;*;*;;;;;;;;;;;;;;;;;;;;;;;;;;;;;;;;
REA3004;Akershus;Alle skoler;;;;;;;;;;;;;;;;;;;;;;;;;;;;;;;;;;;;;;;;
REA3004;Akershus;Asker videregående skole;;;;;*;*;4,7;27;;;;;;;;;;;;;;;;;;;;;;;;;;;;;;;;
REA3004;Akershus;Bjertnes videregående skole;;;;;4,5;22;*;*;;;;;;;;;;;;;;;;;;;;;;;;;;;;;;;;
REA3004;Akershus;Bjørkelangen videregående skole;;;;;4,6;14;4,6;12;;;;;;;;;;;;;;;;;;;;;;;;;;;;;;;;
REA3004;Akershus;Dønski videregående skole;;;;;4,3;18;4,0;7;;;;;;;;;;;;;;;;;;;;;;;;;;;;;;;;
REA3004;Akershus;Eidsvoll videregående skole;;;;;4,8;8;4,5;10;;;;;;;;;;;;;;;;;;;;;;;;;;;;;;;;
REA3004;Akershus;Eikeli videregående skole;;;;;*;*;*;*;;;;;;;;;;;;;;;;;;;;;;;;;;;;;;;;
REA3004;Akershus;Frogn videregående skole;;;;;3,8;20;4,1;17;;;;;;;;;;;;;;;;;;;;;;;;;;;;;;;;
REA3004;Akershus;Hoppensprett Akademiet Vgs Jessheim AS;;;;;3,7;7;*;*;;;;;;;;;;;;;;;;;;;;;;;;;;;;;;;;
REA3004;Akershus;Jessheim videregående skole;;;;;4,4;20;4,6;33;;;;;;;;;;;;;;;;;;;;;;;;;;;;;;;;
REA3004;Akershus;Lillestrøm videregående skole;;;;;4,3;40;*;*;;;;;;;;;;;;;;;;;;;;;;;;;;;;;;;;
REA3004;Akershus;Lørenskog videregående skole;;;;;*;*;*;*;;;;;;;;;;;;;;;;;;;;;;;;;;;;;;;;
REA3004;Akershus;Mailand videregående skole;;;;;4,1;28;4,2;35;;;;;;;;;;;;;;;;;;;;;;;;;;;;;;;;
REA3004;Akershus;Nadderud videregående skole;;;;;*;*;4,6;29;;;;;;;;;;;;;;;;;;;;;;;;;;;;;;;;
REA3004;Akershus;Nannestad videregående skole;;;;;3,9;11;4,2;6;;;;;;;;;;;;;;;;;;;;;;;;;;;;;;;;
REA3004;Akershus;Nes videregående skole;;;;;4,4;7;5,2;9;;;;;;;;;;;;;;;;;;;;;;;;;;;;;;;;
REA3004;Akershus;Nesbru videregående skole;;;;;3,5;13;4,1;14;;;;;;;;;;;;;;;;;;;;;;;;;;;;;;;;
REA3004;Akershus;Nesodden videregående skole;;;;;4,9;18;4,0;17;;;;;;;;;;;;;;;;;;;;;;;;;;;;;;;;
REA3004;Akershus;Norges Realfagsgymnas Sandvika AS;;;;;*;*;*;*;;;;;;;;;;;;;;;;;;;;;;;;;;;;;;;;
REA3004;Akershus;Norges Toppidrettsgymnas Bærum AS;;;;;4,0;25;4,7;16;;;;;;;;;;;;;;;;;;;;;;;;;;;;;;;;
REA3004;Akershus;Roald Amundsen videregående skole;;;;;4,3;9;4,2;6;;;;;;;;;;;;;;;;;;;;;;;;;;;;;;;;
REA3004;Akershus;Rosenvilde videregående skole;;;;;*;*;*;*;;;;;;;;;;;;;;;;;;;;;;;;;;;;;;;;
REA3004;Akershus;Rælingen videregående skole;;;;;3,8;18;*;*;;;;;;;;;;;;;;;;;;;;;;;;;;;;;;;;
REA3004;Akershus;Røyken videregående skole;;;;;3,7;11;3,0;6;;;;;;;;;;;;;;;;;;;;;;;;;;;;;;;;
REA3004;Akershus;Sandvika videregående skole;;;;;4,8;43;4,4;24;;;;;;;;;;;;;;;;;;;;;;;;;;;;;;;;
REA3004;Akershus;Skedsmo videregående skole;;;;;4,9;23;4,3;17;;;;;;;;;;;;;;;;;;;;;;;;;;;;;;;;
REA3004;Akershus;Ski videregående skole;;;;;*;*;4,8;26;;;;;;;;;;;;;;;;;;;;;;;;;;;;;;;;
REA3004;Akershus;Stabekk videregående skole;;;;;*;*;4,7;16;;;;;;;;;;;;;;;;;;;;;;;;;;;;;;;;
REA3004;Akershus;Sørumsand videregående skole;;;;;4,6;25;4,5;8;;;;;;;;;;;;;;;;;;;;;;;;;;;;;;;;
REA3004;Akershus;Valler videregående skole;;;;;5,1;38;5,2;54;;;;;;;;;;;;;;;;;;;;;;;;;;;;;;;;
REA3004;Akershus;Vestby videregående skole;;;;;*;*;*;*;;;;;;;;;;;;;;;;;;;;;;;;;;;;;;;;
REA3004;Akershus;Ås videregående skole;;;;;4,5;20;*;*;;;;;;;;;;;;;;;;;;;;;;;;;;;;;;;;
REA3004;Buskerud;Alle skoler;;;;;;;;;;;;;;;;;;;;;;;;;;;;;;;;;;;;;;;;
REA3004;Buskerud;Akademiet Drammen AS;;;;;*;*;5,0;25;;;;;;;;;;;;;;;;;;;;;;;;;;;;;;;;
REA3004;Buskerud;Akademiet Vgs Bragernes Drammen AS;;;;;*;*;*;*;;;;;;;;;;;;;;;;;;;;;;;;;;;;;;;;
REA3004;Buskerud;Akademiet Ypsilon videregående skole AS;;;;;4,5;10;4,8;13;;;;;;;;;;;;;;;;;;;;;;;;;;;;;;;;
REA3004;Buskerud;Buskerud videregående skole;;;;;4,5;8;4,5;8;;;;;;;;;;;;;;;;;;;;;;;;;;;;;;;;
REA3004;Buskerud;Drammen videregående skole;;;;;*;*;*;*;;;;;;;;;;;;;;;;;;;;;;;;;;;;;;;;
REA3004;Buskerud;Eiker videregående skole;;;;;4,0;21;4,2;18;;;;;;;;;;;;;;;;;;;;;;;;;;;;;;;;
REA3004;Buskerud;Gol vidaregåande skule;;;;;*;*;*;*;;;;;;;;;;;;;;;;;;;;;;;;;;;;;;;;
REA3004;Buskerud;Kongsberg videregående skole;;;;;*;*;*;*;;;;;;;;;;;;;;;;;;;;;;;;;;;;;;;;
REA3004;Buskerud;Norges Toppidrettsgymnas Geilo AS;;;;;*;*;*;*;;;;;;;;;;;;;;;;;;;;;;;;;;;;;;;;
REA3004;Buskerud;Numedal videregående skole;;;;;*;*;;;;;;;;;;;;;;;;;;;;;;;;;;;;;;;;;;
REA3004;Buskerud;Ringerike videregående skole;;;;;3,7;17;4,4;23;;;;;;;;;;;;;;;;;;;;;;;;;;;;;;;;
REA3004;Buskerud;St Hallvard videregående skole;;;;;4,7;12;4,0;10;;;;;;;;;;;;;;;;;;;;;;;;;;;;;;;;
REA3004;Buskerud;Tyrifjord videregående skole;;;;;*;*;4,8;9;;;;;;;;;;;;;;;;;;;;;;;;;;;;;;;;
REA3004;Finnmark - Finnmárku - Finmarkku;Alle skoler;;;;;;;;;;;;;;;;;;;;;;;;;;;;;;;;;;;;;;;;
REA3004;Finnmark - Finnmárku - Finmarkku;Alta videregående skole;;;;;4,7;18;4,8;18;;;;;;;;;;;;;;;;;;;;;;;;;;;;;;;;
REA3004;Finnmark - Finnmárku - Finmarkku;Hammerfest videregående skole;;;;;4,2;6;4,8;6;;;;;;;;;;;;;;;;;;;;;;;;;;;;;;;;
REA3004;Finnmark - Finnmárku - Finmarkku;Kirkenes videregående skole;;;;;3,9;12;4,8;6;;;;;;;;;;;;;;;;;;;;;;;;;;;;;;;;
REA3004;Finnmark - Finnmárku - Finmarkku;Lakselv videregående skole;;;;;;;*;*;;;;;;;;;;;;;;;;;;;;;;;;;;;;;;;;
REA3004;Finnmark - Finnmárku - Finmarkku;Nordkapp videregående skole;;;;;*;*;*;*;;;;;;;;;;;;;;;;;;;;;;;;;;;;;;;;
REA3004;Finnmark - Finnmárku - Finmarkku;Samisk videregående skole Karasjok;;;;;*;*;*;*;;;;;;;;;;;;;;;;;;;;;;;;;;;;;;;;
REA3004;Finnmark - Finnmárku - Finmarkku;Samisk videregående skole og reindriftsskole;;;;;*;*;;;;;;;;;;;;;;;;;;;;;;;;;;;;;;;;;;
REA3004;Finnmark - Finnmárku - Finmarkku;Vadsø videregående skole;;;;;*;*;*;*;;;;;;;;;;;;;;;;;;;;;;;;;;;;;;;;
REA3004;Finnmark - Finnmárku - Finmarkku;Vardø videregående skole;;;;;*;*;*;*;;;;;;;;;;;;;;;;;;;;;;;;;;;;;;;;
REA3004;Innlandet;Alle skoler;;;;;4,3;232;4,6;226;;;;;;;;;;;;;;;;;;;;;;;;;;;;;;;;
REA3004;Innlandet;Elverum videregående skole;;;;;4,2;11;*;*;;;;;;;;;;;;;;;;;;;;;;;;;;;;;;;;
REA3004;Innlandet;Gjøvik videregående skole;;;;;*;*;4,9;27;;;;;;;;;;;;;;;;;;;;;;;;;;;;;;;;
REA3004;Innlandet;Hadeland videregående skole;;;;;4,1;11;4,5;16;;;;;;;;;;;;;;;;;;;;;;;;;;;;;;;;
REA3004;Innlandet;Hamar katedralskole;;;;;*;*;*;*;;;;;;;;;;;;;;;;;;;;;;;;;;;;;;;;
REA3004;Innlandet;Karriere Innlandet;;;;;*;*;;;;;;;;;;;;;;;;;;;;;;;;;;;;;;;;;;
REA3004;Innlandet;Lena-Valle videregående skole avd Lena;;;;;*;*;*;*;;;;;;;;;;;;;;;;;;;;;;;;;;;;;;;;
REA3004;Innlandet;Lillehammer videregående skole avd Sør;;;;;4,6;26;4,3;21;;;;;;;;;;;;;;;;;;;;;;;;;;;;;;;;
REA3004;Innlandet;Nord-Gudbrandsdal vidaregåande skule;;;;;*;*;*;*;;;;;;;;;;;;;;;;;;;;;;;;;;;;;;;;
REA3004;Innlandet;Nord-Gudbrandsdal Videregåande skule Avd Dombås;;;;;*;*;*;*;;;;;;;;;;;;;;;;;;;;;;;;;;;;;;;;
REA3004;Innlandet;Nord-Gudbrandsdal Videregåande skule avd Lom (Nedlagt);;;;;*;*;*;*;;;;;;;;;;;;;;;;;;;;;;;;;;;;;;;;
REA3004;Innlandet;Nord-Østerdal videregående skole;;;;;*;*;4,7;7;;;;;;;;;;;;;;;;;;;;;;;;;;;;;;;;
REA3004;Innlandet;Norges Toppidrettsgymnas Kongsvinger AS;;;;;4,2;13;4,9;13;;;;;;;;;;;;;;;;;;;;;;;;;;;;;;;;
REA3004;Innlandet;Norges Toppidrettsgymnas Lillehammer AS;;;;;4,5;17;4,9;7;;;;;;;;;;;;;;;;;;;;;;;;;;;;;;;;
REA3004;Innlandet;Raufoss videregående skole avd Dokka;;;;;*;*;*;*;;;;;;;;;;;;;;;;;;;;;;;;;;;;;;;;
REA3004;Innlandet;Ringsaker videregående skole;;;;;4,1;10;4,2;13;;;;;;;;;;;;;;;;;;;;;;;;;;;;;;;;
REA3004;Innlandet;Sentrum videregående skole avd Skarnes;;;;;*;*;*;*;;;;;;;;;;;;;;;;;;;;;;;;;;;;;;;;
REA3004;Innlandet;Solør videregående skole;;;;;*;*;*;*;;;;;;;;;;;;;;;;;;;;;;;;;;;;;;;;
REA3004;Innlandet;Stange videregående skole;;;;;3,6;11;5,0;9;;;;;;;;;;;;;;;;;;;;;;;;;;;;;;;;
REA3004;Innlandet;Trysil videregående skole;;;;;*;*;*;*;;;;;;;;;;;;;;;;;;;;;;;;;;;;;;;;
REA3004;Innlandet;Valdres vidaregåande skule;;;;;*;*;*;*;;;;;;;;;;;;;;;;;;;;;;;;;;;;;;;;
REA3004;Innlandet;Vinstra vidaregåande skule;;;;;*;*;*;*;;;;;;;;;;;;;;;;;;;;;;;;;;;;;;;;
REA3004;Innlandet;Wang Hamar AS;;;;;4,4;12;5,0;8;;;;;;;;;;;;;;;;;;;;;;;;;;;;;;;;
REA3004;Innlandet;Øvrebyen videregående skole;;;;;3,8;10;4,2;11;;;;;;;;;;;;;;;;;;;;;;;;;;;;;;;;
REA3004;Møre og Romsdal;Alle skoler;;;;;*;*;*;*;;;;;;;;;;;;;;;;;;;;;;;;;;;;;;;;
REA3004;Møre og Romsdal;Akademiet Vgs Møre AS;;;;;*;*;*;*;;;;;;;;;;;;;;;;;;;;;;;;;;;;;;;;
REA3004;Møre og Romsdal;Akademiet Vgs Ålesund AS;;;;;*;*;*;*;;;;;;;;;;;;;;;;;;;;;;;;;;;;;;;;
REA3004;Møre og Romsdal;Atlanten videregående skole;;;;;3,9;13;4,2;9;;;;;;;;;;;;;;;;;;;;;;;;;;;;;;;;
REA3004;Møre og Romsdal;Haram vidaregåande skule;;;;;*;*;*;*;;;;;;;;;;;;;;;;;;;;;;;;;;;;;;;;
REA3004;Møre og Romsdal;Hustadvika vidaregåande skole;;;;;*;*;*;*;;;;;;;;;;;;;;;;;;;;;;;;;;;;;;;;
REA3004;Møre og Romsdal;Molde videregående skole;;;;;*;*;4,4;32;;;;;;;;;;;;;;;;;;;;;;;;;;;;;;;;
REA3004;Møre og Romsdal;Rauma videregående skole;;;;;*;*;*;*;;;;;;;;;;;;;;;;;;;;;;;;;;;;;;;;
REA3004;Møre og Romsdal;Spjelkavik videregående skole;;;;;4,5;24;4,4;18;;;;;;;;;;;;;;;;;;;;;;;;;;;;;;;;
REA3004;Møre og Romsdal;Sunndal vidaregåande skole;;;;;4,1;12;3,8;11;;;;;;;;;;;;;;;;;;;;;;;;;;;;;;;;
REA3004;Møre og Romsdal;Surnadal vidaregåande skule;;;;;*;*;*;*;;;;;;;;;;;;;;;;;;;;;;;;;;;;;;;;
REA3004;Møre og Romsdal;Sykkylven vidaregåande skule;;;;;3,4;9;4,1;8;;;;;;;;;;;;;;;;;;;;;;;;;;;;;;;;
REA3004;Møre og Romsdal;Tingvoll vidaregåande skole;;;;;;;*;*;;;;;;;;;;;;;;;;;;;;;;;;;;;;;;;;
REA3004;Møre og Romsdal;Ulstein vidaregåande skule;;;;;*;*;*;*;;;;;;;;;;;;;;;;;;;;;;;;;;;;;;;;
REA3004;Møre og Romsdal;Vestborg Vgs;;;;;*;*;*;*;;;;;;;;;;;;;;;;;;;;;;;;;;;;;;;;
REA3004;Møre og Romsdal;Volda vidaregåande skule;;;;;*;*;*;*;;;;;;;;;;;;;;;;;;;;;;;;;;;;;;;;
REA3004;Møre og Romsdal;Ålesund videregående skole;;;;;*;*;4,8;23;;;;;;;;;;;;;;;;;;;;;;;;;;;;;;;;
REA3004;Møre og Romsdal;Ålesund videregående skole Lokalitet Volsdalsberga;;;;;*;*;4,0;9;;;;;;;;;;;;;;;;;;;;;;;;;;;;;;;;
REA3004;Nordland - Nordlánnda;Alle skoler;;;;;*;*;*;*;;;;;;;;;;;;;;;;;;;;;;;;;;;;;;;;
REA3004;Nordland - Nordlánnda;Andøy videregående skole;;;;;;;*;*;;;;;;;;;;;;;;;;;;;;;;;;;;;;;;;;
REA3004;Nordland - Nordlánnda;Aust-Lofoten videregående skole;;;;;4,7;6;4,8;8;;;;;;;;;;;;;;;;;;;;;;;;;;;;;;;;
REA3004;Nordland - Nordlánnda;Bodin videregående skole;;;;;*;*;*;*;;;;;;;;;;;;;;;;;;;;;;;;;;;;;;;;
REA3004;Nordland - Nordlánnda;Bodø videregående skole;;;;;4,5;16;4,8;10;;;;;;;;;;;;;;;;;;;;;;;;;;;;;;;;
REA3004;Nordland - Nordlánnda;Brønnøysund videregående skole;;;;;*;*;*;*;;;;;;;;;;;;;;;;;;;;;;;;;;;;;;;;
REA3004;Nordland - Nordlánnda;Fauske videregående skole;;;;;*;*;*;*;;;;;;;;;;;;;;;;;;;;;;;;;;;;;;;;
REA3004;Nordland - Nordlánnda;Hadsel videregående skole;;;;;*;*;*;*;;;;;;;;;;;;;;;;;;;;;;;;;;;;;;;;
REA3004;Nordland - Nordlánnda;Knut Hamsun videregående skole Joarkkaskåvllå;;;;;*;*;*;*;;;;;;;;;;;;;;;;;;;;;;;;;;;;;;;;
REA3004;Nordland - Nordlánnda;Kristen videregående skole Nordland Sti;;;;;*;*;*;*;;;;;;;;;;;;;;;;;;;;;;;;;;;;;;;;
REA3004;Nordland - Nordlánnda;Meløy videregående skole;;;;;*;*;*;*;;;;;;;;;;;;;;;;;;;;;;;;;;;;;;;;
REA3004;Nordland - Nordlánnda;Mosjøen videregående skole;;;;;4,1;12;*;*;;;;;;;;;;;;;;;;;;;;;;;;;;;;;;;;
REA3004;Nordland - Nordlánnda;Narvik videregående skole;;;;;4,4;16;4,5;11;;;;;;;;;;;;;;;;;;;;;;;;;;;;;;;;
REA3004;Nordland - Nordlánnda;Polarsirkelen videregående skole;;;;;3,8;13;4,7;12;;;;;;;;;;;;;;;;;;;;;;;;;;;;;;;;
REA3004;Nordland - Nordlánnda;Saltdal videregående skole;;;;;*;*;*;*;;;;;;;;;;;;;;;;;;;;;;;;;;;;;;;;
REA3004;Nordland - Nordlánnda;Sandnessjøen videregående skole;;;;;*;*;*;*;;;;;;;;;;;;;;;;;;;;;;;;;;;;;;;;
REA3004;Nordland - Nordlánnda;Sortland videregående skole avd Sortland;;;;;3,7;7;3,1;7;;;;;;;;;;;;;;;;;;;;;;;;;;;;;;;;
REA3004;Nordland - Nordlánnda;Vest-Lofoten videregående skole;;;;;*;*;*;*;;;;;;;;;;;;;;;;;;;;;;;;;;;;;;;;
REA3004;Oslo;Alle skoler;;;;;4,5;751;4,6;595;;;;;4,8;16;4,6;8;;;;;;;;;;;;;;;;;;;;;;;;
REA3004;Oslo;Akademiet Oslo AS;;;;;3,7;21;3,7;23;;;;;;;;;;;;;;;;;;;;;;;;;;;;;;;;
REA3004;Oslo;Akademiet Vgs Bislett AS;;;;;4,2;10;4,4;8;;;;;;;;;;;;;;;;;;;;;;;;;;;;;;;;
REA3004;Oslo;Bjerke videregående skole;;;;;5,2;37;5,6;30;;;;;;;;;;;;;;;;;;;;;;;;;;;;;;;;
REA3004;Oslo;Bjørnholt videregående skole;;;;;2,4;9;2,3;9;;;;;;;;;;;;;;;;;;;;;;;;;;;;;;;;
REA3004;Oslo;Blindern videregående skole;;;;;4,5;37;4,9;16;;;;;;;;;;;;;;;;;;;;;;;;;;;;;;;;
REA3004;Oslo;Edvard Munch videregående skole;;;;;*;*;*;*;;;;;;;;;;;;;;;;;;;;;;;;;;;;;;;;
REA3004;Oslo;Elvebakken videregående skole;;;;;5,3;57;5,1;60;;;;;;;;;;;;;;;;;;;;;;;;;;;;;;;;
REA3004;Oslo;Foss videregående skole;;;;;4,8;34;*;*;;;;;;;;;;;;;;;;;;;;;;;;;;;;;;;;
REA3004;Oslo;Fyrstikkalleen skole;;;;;*;*;*;*;;;;;;;;;;;;;;;;;;;;;;;;;;;;;;;;
REA3004;Oslo;Hartvig Nissens skole;;;;;3,8;14;3,6;8;;;;;;;;;;;;;;;;;;;;;;;;;;;;;;;;
REA3004;Oslo;Hellerud videregående skole;;;;;4,2;13;4,1;11;;;;;;;;;;;;;;;;;;;;;;;;;;;;;;;;
REA3004;Oslo;Heltberg private gymnas;;;;;4,0;15;3,3;12;;;;;;;;;;;;;;;;;;;;;;;;;;;;;;;;
REA3004;Oslo;Hersleb videregående skole;;;;;3,3;6;*;*;;;;;;;;;;;;;;;;;;;;;;;;;;;;;;;;
REA3004;Oslo;Kongshavn videregående skole;;;;;3,7;22;3,5;15;;;;;;;;;;;;;;;;;;;;;;;;;;;;;;;;
REA3004;Oslo;Kongsskogen videregående skole;;;;;*;*;*;*;;;;;;;;;;;;;;;;;;;;;;;;;;;;;;;;
REA3004;Oslo;Kristelig gymnasium AS videregående skole;;;;;4,4;24;4,8;21;;;;;;;;;;;;;;;;;;;;;;;;;;;;;;;;
REA3004;Oslo;Kuben videregående skole;;;;;3,8;48;4,5;12;;;;;;;;;;;;;;;;;;;;;;;;;;;;;;;;
REA3004;Oslo;Lambertseter videregående skole;;;;;*;*;4,3;29;;;;;;;;;;;;;;;;;;;;;;;;;;;;;;;;
REA3004;Oslo;Nydalen videregående skole;;;;;5,2;42;4,9;50;;;;;4,8;16;4,6;8;;;;;;;;;;;;;;;;;;;;;;;;
REA3004;Oslo;Oslo Handelsgymnasium;;;;;*;*;*;*;;;;;;;;;;;;;;;;;;;;;;;;;;;;;;;;
REA3004;Oslo;Oslo katedralskole;;;;;4,7;50;4,4;59;;;;;;;;;;;;;;;;;;;;;;;;;;;;;;;;
REA3004;Oslo;Oslo private gymnasium AS;;;;;*;*;*;*;;;;;;;;;;;;;;;;;;;;;;;;;;;;;;;;
REA3004;Oslo;Otto Treider private gymnas AS;;;;;*;*;*;*;;;;;;;;;;;;;;;;;;;;;;;;;;;;;;;;
REA3004;Oslo;Persbråten videregående skole;;;;;*;*;*;*;;;;;;;;;;;;;;;;;;;;;;;;;;;;;;;;
REA3004;Oslo;Stovner videregående skole;;;;;5,0;10;4,9;15;;;;;;;;;;;;;;;;;;;;;;;;;;;;;;;;
REA3004;Oslo;Ullern videregående skole;;;;;4,9;71;4,6;44;;;;;;;;;;;;;;;;;;;;;;;;;;;;;;;;
REA3004;Oslo;Ulsrud videregående skole;;;;;*;*;*;*;;;;;;;;;;;;;;;;;;;;;;;;;;;;;;;;
REA3004;Oslo;Valle Hovin videregående skole;;;;;4,5;22;4,7;20;;;;;;;;;;;;;;;;;;;;;;;;;;;;;;;;
REA3004;Oslo;Wang videregående Skole/ Wang Toppidrett;;;;;5,2;29;5,2;21;;;;;;;;;;;;;;;;;;;;;;;;;;;;;;;;
REA3004;Rogaland;Alle skoler;;;;;4,4;407;4,5;346;;;;;;;;;;;;;;;;;;;;;;;;;;;;;;;;
REA3004;Rogaland;Akademiet Sandnes;;;;;*;*;*;*;;;;;;;;;;;;;;;;;;;;;;;;;;;;;;;;
REA3004;Rogaland;Bryne vidaregåande skule;;;;;*;*;4,4;20;;;;;;;;;;;;;;;;;;;;;;;;;;;;;;;;
REA3004;Rogaland;Dalane videregående skole;;;;;*;*;*;*;;;;;;;;;;;;;;;;;;;;;;;;;;;;;;;;
REA3004;Rogaland;Forus friskole - Bus;;;;;*;*;*;*;;;;;;;;;;;;;;;;;;;;;;;;;;;;;;;;
REA3004;Rogaland;Haugesund Toppidrettsgymnas AS;;;;;4,9;15;5,0;6;;;;;;;;;;;;;;;;;;;;;;;;;;;;;;;;
REA3004;Rogaland;Hetland videregående skole;;;;;4,4;22;3,8;18;;;;;;;;;;;;;;;;;;;;;;;;;;;;;;;;
REA3004;Rogaland;Kopervik videregående skole;;;;;3,1;12;3,6;13;;;;;;;;;;;;;;;;;;;;;;;;;;;;;;;;
REA3004;Rogaland;Lundeneset Vgs;;;;;*;*;*;*;;;;;;;;;;;;;;;;;;;;;;;;;;;;;;;;
REA3004;Rogaland;Randaberg videregående skole;;;;;2,7;17;3,8;13;;;;;;;;;;;;;;;;;;;;;;;;;;;;;;;;
REA3004;Rogaland;Sandnes videregående skole;;;;;4,3;58;*;*;;;;;;;;;;;;;;;;;;;;;;;;;;;;;;;;
REA3004;Rogaland;Sauda vidaregåande skule;;;;;*;*;4,9;8;;;;;;;;;;;;;;;;;;;;;;;;;;;;;;;;
REA3004;Rogaland;Skeisvang videregående skole;;;;;*;*;4,4;25;;;;;;;;;;;;;;;;;;;;;;;;;;;;;;;;
REA3004;Rogaland;Sola videregående skole;;;;;*;*;*;*;;;;;;;;;;;;;;;;;;;;;;;;;;;;;;;;
REA3004;Rogaland;St Svithun videregående skole;;;;;4,8;33;4,7;29;;;;;;;;;;;;;;;;;;;;;;;;;;;;;;;;
REA3004;Rogaland;St. Olav videregående skole;;;;;4,9;81;4,6;57;;;;;;;;;;;;;;;;;;;;;;;;;;;;;;;;
REA3004;Rogaland;Stavanger katedralskole;;;;;4,8;28;4,7;39;;;;;;;;;;;;;;;;;;;;;;;;;;;;;;;;
REA3004;Rogaland;Strand videregående skole;;;;;5,3;7;4,3;10;;;;;;;;;;;;;;;;;;;;;;;;;;;;;;;;
REA3004;Rogaland;Tryggheim vidaregåande skule;;;;;*;*;*;*;;;;;;;;;;;;;;;;;;;;;;;;;;;;;;;;
REA3004;Rogaland;Vardafjell videregående skole;;;;;3,6;17;3,7;11;;;;;;;;;;;;;;;;;;;;;;;;;;;;;;;;
REA3004;Rogaland;Wang Toppidrett Stavanger AS;;;;;5,2;6;4,9;16;;;;;;;;;;;;;;;;;;;;;;;;;;;;;;;;
REA3004;Rogaland;Ølen vidaregåande skule;;;;;*;*;*;*;;;;;;;;;;;;;;;;;;;;;;;;;;;;;;;;
REA3004;Telemark;Alle skoler;;;;;;;;;;;;;;;;;;;;;;;;;;;;;;;;;;;;;;;;
REA3004;Telemark;Bamble videregående skole;;;;;3,7;6;4,1;7;;;;;;;;;;;;;;;;;;;;;;;;;;;;;;;;
REA3004;Telemark;Bø vidaregåande skule;;;;;4,1;11;4,8;9;;;;;;;;;;;;;;;;;;;;;;;;;;;;;;;;
REA3004;Telemark;Kragerø videregående skole;;;;;4,2;12;3,9;10;;;;;;;;;;;;;;;;;;;;;;;;;;;;;;;;
REA3004;Telemark;Kvitsund gymnas;;;;;*;*;*;*;;;;;;;;;;;;;;;;;;;;;;;;;;;;;;;;
REA3004;Telemark;Notodden videregående skole;;;;;4,5;11;4,9;8;;;;;;;;;;;;;;;;;;;;;;;;;;;;;;;;
REA3004;Telemark;Porsgrunn videregående skole;;;;;4,6;17;*;*;;;;;;;;;;;;;;;;;;;;;;;;;;;;;;;;
REA3004;Telemark;Rjukan videregående skole;;;;;*;*;*;*;;;;;;;;;;;;;;;;;;;;;;;;;;;;;;;;
REA3004;Telemark;Skien videregående skole;;;;;4,2;42;4,4;38;;;;;;;;;;;;;;;;;;;;;;;;;;;;;;;;
REA3004;Telemark;Stiftelsen Telemark Toppidrett gymnas;;;;;*;*;*;*;;;;;;;;;;;;;;;;;;;;;;;;;;;;;;;;
REA3004;Telemark;Vest-Telemark vidaregåande skule;;;;;*;*;*;*;;;;;;;;;;;;;;;;;;;;;;;;;;;;;;;;
REA3004;Troms - Romsa - Tromssa ;Alle skoler;;;;;;;;;;;;;;;;;;;;;;;;;;;;;;;;;;;;;;;;
REA3004;Troms - Romsa - Tromssa ;Bardufoss videregående skole;;;;;*;*;*;*;;;;;;;;;;;;;;;;;;;;;;;;;;;;;;;;
REA3004;Troms - Romsa - Tromssa ;Heggen videregående skole;;;;;4,2;19;4,6;34;;;;;;;;;;;;;;;;;;;;;;;;;;;;;;;;
REA3004;Troms - Romsa - Tromssa ;Kongsbakken videregående skole;;;;;4,3;38;4,7;27;;;;;;;;;;;;;;;;;;;;;;;;;;;;;;;;
REA3004;Troms - Romsa - Tromssa ;Kvaløya videregående skole;;;;;*;*;*;*;;;;;;;;;;;;;;;;;;;;;;;;;;;;;;;;
REA3004;Troms - Romsa - Tromssa ;Nordkjosbotn videregående skole;;;;;*;*;;;;;;;;;;;;;;;;;;;;;;;;;;;;;;;;;;
REA3004;Troms - Romsa - Tromssa ;Nord-Troms videregående skole avd Nordreisa;;;;;*;*;*;*;;;;;;;;;;;;;;;;;;;;;;;;;;;;;;;;
REA3004;Troms - Romsa - Tromssa ;Norges Toppidrettsgymnas Tromsø AS;;;;;4,5;6;5,0;9;;;;;;;;;;;;;;;;;;;;;;;;;;;;;;;;
REA3004;Troms - Romsa - Tromssa ;Senja videregående skole avd Finnfjordbotn;;;;;4,2;12;5,1;14;;;;;;;;;;;;;;;;;;;;;;;;;;;;;;;;
REA3004;Troms - Romsa - Tromssa ;Sjøvegan videregående skole;;;;;*;*;*;*;;;;;;;;;;;;;;;;;;;;;;;;;;;;;;;;
REA3004;Troms - Romsa - Tromssa ;Tromsdalen videregående skole;;;;;4,1;13;4,4;31;;;;;;;;;;;;;;;;;;;;;;;;;;;;;;;;
REA3004;Troms og Finnmark - Romsa ja Finnmárku - Tromssa ja Finmarkku (2020 - 2023);Alle skoler;;;;;4,3;165;4,7;185;;;;;;;;;;;;;;;;;;;;;;;;;;;;;;;;
REA3004;Troms og Finnmark - Romsa ja Finnmárku - Tromssa ja Finmarkku (2020 - 2023);Alta videregående skole;;;;;4,7;18;4,8;18;;;;;;;;;;;;;;;;;;;;;;;;;;;;;;;;
REA3004;Troms og Finnmark - Romsa ja Finnmárku - Tromssa ja Finmarkku (2020 - 2023);Bardufoss videregående skole;;;;;*;*;*;*;;;;;;;;;;;;;;;;;;;;;;;;;;;;;;;;
REA3004;Troms og Finnmark - Romsa ja Finnmárku - Tromssa ja Finmarkku (2020 - 2023);Hammerfest videregående skole;;;;;4,2;6;4,8;6;;;;;;;;;;;;;;;;;;;;;;;;;;;;;;;;
REA3004;Troms og Finnmark - Romsa ja Finnmárku - Tromssa ja Finmarkku (2020 - 2023);Heggen videregående skole;;;;;4,2;19;4,6;34;;;;;;;;;;;;;;;;;;;;;;;;;;;;;;;;
REA3004;Troms og Finnmark - Romsa ja Finnmárku - Tromssa ja Finmarkku (2020 - 2023);Kirkenes videregående skole;;;;;3,9;12;4,8;6;;;;;;;;;;;;;;;;;;;;;;;;;;;;;;;;
REA3004;Troms og Finnmark - Romsa ja Finnmárku - Tromssa ja Finmarkku (2020 - 2023);Kongsbakken videregående skole;;;;;4,3;38;4,7;27;;;;;;;;;;;;;;;;;;;;;;;;;;;;;;;;
REA3004;Troms og Finnmark - Romsa ja Finnmárku - Tromssa ja Finmarkku (2020 - 2023);Kvaløya videregående skole;;;;;*;*;*;*;;;;;;;;;;;;;;;;;;;;;;;;;;;;;;;;
REA3004;Troms og Finnmark - Romsa ja Finnmárku - Tromssa ja Finmarkku (2020 - 2023);Lakselv videregående skole;;;;;;;*;*;;;;;;;;;;;;;;;;;;;;;;;;;;;;;;;;
REA3004;Troms og Finnmark - Romsa ja Finnmárku - Tromssa ja Finmarkku (2020 - 2023);Longyearbyen skole Grunnskole;;;;;*;*;*;*;;;;;;;;;;;;;;;;;;;;;;;;;;;;;;;;
REA3004;Troms og Finnmark - Romsa ja Finnmárku - Tromssa ja Finmarkku (2020 - 2023);Nordkapp videregående skole;;;;;*;*;*;*;;;;;;;;;;;;;;;;;;;;;;;;;;;;;;;;
REA3004;Troms og Finnmark - Romsa ja Finnmárku - Tromssa ja Finmarkku (2020 - 2023);Nordkjosbotn videregående skole;;;;;*;*;;;;;;;;;;;;;;;;;;;;;;;;;;;;;;;;;;
REA3004;Troms og Finnmark - Romsa ja Finnmárku - Tromssa ja Finmarkku (2020 - 2023);Nord-Troms videregående skole avd Nordreisa;;;;;*;*;*;*;;;;;;;;;;;;;;;;;;;;;;;;;;;;;;;;
REA3004;Troms og Finnmark - Romsa ja Finnmárku - Tromssa ja Finmarkku (2020 - 2023);Norges Toppidrettsgymnas Tromsø AS;;;;;4,5;6;5,0;9;;;;;;;;;;;;;;;;;;;;;;;;;;;;;;;;
REA3004;Troms og Finnmark - Romsa ja Finnmárku - Tromssa ja Finmarkku (2020 - 2023);Samisk videregående skole Karasjok;;;;;*;*;*;*;;;;;;;;;;;;;;;;;;;;;;;;;;;;;;;;
REA3004;Troms og Finnmark - Romsa ja Finnmárku - Tromssa ja Finmarkku (2020 - 2023);Samisk videregående skole og reindriftsskole;;;;;*;*;;;;;;;;;;;;;;;;;;;;;;;;;;;;;;;;;;
REA3004;Troms og Finnmark - Romsa ja Finnmárku - Tromssa ja Finmarkku (2020 - 2023);Senja videregående skole avd Finnfjordbotn;;;;;4,2;12;5,1;14;;;;;;;;;;;;;;;;;;;;;;;;;;;;;;;;
REA3004;Troms og Finnmark - Romsa ja Finnmárku - Tromssa ja Finmarkku (2020 - 2023);Sjøvegan videregående skole;;;;;*;*;*;*;;;;;;;;;;;;;;;;;;;;;;;;;;;;;;;;
REA3004;Troms og Finnmark - Romsa ja Finnmárku - Tromssa ja Finmarkku (2020 - 2023);Tromsdalen videregående skole;;;;;4,1;13;4,4;31;;;;;;;;;;;;;;;;;;;;;;;;;;;;;;;;
REA3004;Troms og Finnmark - Romsa ja Finnmárku - Tromssa ja Finmarkku (2020 - 2023);Vadsø videregående skole;;;;;*;*;*;*;;;;;;;;;;;;;;;;;;;;;;;;;;;;;;;;
REA3004;Troms og Finnmark - Romsa ja Finnmárku - Tromssa ja Finmarkku (2020 - 2023);Vardø videregående skole;;;;;*;*;*;*;;;;;;;;;;;;;;;;;;;;;;;;;;;;;;;;
REA3004;Trøndelag - Trööndelage;Alle skoler;;;;;4,5;339;4,7;310;;;;;;;;;;;;;;;;;;;;;;;;;;;;;;;;
REA3004;Trøndelag - Trööndelage;Bybroen videregående skole AS;;;;;*;*;*;*;;;;;;;;;;;;;;;;;;;;;;;;;;;;;;;;
REA3004;Trøndelag - Trööndelage;Byåsen videregående skole;;;;;4,5;24;5,2;12;;;;;;;;;;;;;;;;;;;;;;;;;;;;;;;;
REA3004;Trøndelag - Trööndelage;Charlottenlund videregående skole;;;;;*;*;4,3;21;;;;;;;;;;;;;;;;;;;;;;;;;;;;;;;;
REA3004;Trøndelag - Trööndelage;Fosen videregående skole;;;;;;;*;*;;;;;;;;;;;;;;;;;;;;;;;;;;;;;;;;
REA3004;Trøndelag - Trööndelage;Gauldal videregående skole;;;;;*;*;*;*;;;;;;;;;;;;;;;;;;;;;;;;;;;;;;;;
REA3004;Trøndelag - Trööndelage;Grong videregående skole;;;;;*;*;*;*;;;;;;;;;;;;;;;;;;;;;;;;;;;;;;;;
REA3004;Trøndelag - Trööndelage;Guri Kunna videregående skole avd Hitra;;;;;*;*;*;*;;;;;;;;;;;;;;;;;;;;;;;;;;;;;;;;
REA3004;Trøndelag - Trööndelage;Heimdal videregående skole;;;;;4,5;16;4,7;15;;;;;;;;;;;;;;;;;;;;;;;;;;;;;;;;
REA3004;Trøndelag - Trööndelage;Johan Bojer videregående skole Skolested Leksvik;;;;;*;*;*;*;;;;;;;;;;;;;;;;;;;;;;;;;;;;;;;;
REA3004;Trøndelag - Trööndelage;Johan Bojer videregående skole Skolested Rissa;;;;;*;*;*;*;;;;;;;;;;;;;;;;;;;;;;;;;;;;;;;;
REA3004;Trøndelag - Trööndelage;Kristen videregående skole Trøndelag;;;;;4,9;27;4,6;22;;;;;;;;;;;;;;;;;;;;;;;;;;;;;;;;
REA3004;Trøndelag - Trööndelage;Kyrksæterøra videregående skole;;;;;;;*;*;;;;;;;;;;;;;;;;;;;;;;;;;;;;;;;;
REA3004;Trøndelag - Trööndelage;Levanger videregående skole;;;;;*;*;*;*;;;;;;;;;;;;;;;;;;;;;;;;;;;;;;;;
REA3004;Trøndelag - Trööndelage;Malvik videregående skole;;;;;4,0;11;4,8;12;;;;;;;;;;;;;;;;;;;;;;;;;;;;;;;;
REA3004;Trøndelag - Trööndelage;Melhus videregående skole;;;;;*;*;*;*;;;;;;;;;;;;;;;;;;;;;;;;;;;;;;;;
REA3004;Trøndelag - Trööndelage;Meråker videregående skole;;;;;*;*;;;;;;;;;;;;;;;;;;;;;;;;;;;;;;;;;;
REA3004;Trøndelag - Trööndelage;Olav Duun videregående skole;;;;;4,8;10;5,3;8;;;;;;;;;;;;;;;;;;;;;;;;;;;;;;;;
REA3004;Trøndelag - Trööndelage;Ole Vig videregående skole;;;;;4,8;22;4,9;18;;;;;;;;;;;;;;;;;;;;;;;;;;;;;;;;
REA3004;Trøndelag - Trööndelage;Oppdal videregående skole;;;;;*;*;4,4;7;;;;;;;;;;;;;;;;;;;;;;;;;;;;;;;;
REA3004;Trøndelag - Trööndelage;Orkdal vidaregåande skole;;;;;*;*;5,4;17;;;;;;;;;;;;;;;;;;;;;;;;;;;;;;;;
REA3004;Trøndelag - Trööndelage;Røros videregående skole;;;;;3,7;7;5,5;6;;;;;;;;;;;;;;;;;;;;;;;;;;;;;;;;
REA3004;Trøndelag - Trööndelage;Selbu videregående skole;;;;;*;*;*;*;;;;;;;;;;;;;;;;;;;;;;;;;;;;;;;;
REA3004;Trøndelag - Trööndelage;Steinkjer videregående skole;;;;;*;*;*;*;;;;;;;;;;;;;;;;;;;;;;;;;;;;;;;;
REA3004;Trøndelag - Trööndelage;Strinda videregående skole;;;;;*;*;4,5;15;;;;;;;;;;;;;;;;;;;;;;;;;;;;;;;;
REA3004;Trøndelag - Trööndelage;Thora Storm videregående skole;;;;;4,8;45;*;*;;;;;;;;;;;;;;;;;;;;;;;;;;;;;;;;
REA3004;Trøndelag - Trööndelage;Tiller videregående skole;;;;;*;*;*;*;;;;;;;;;;;;;;;;;;;;;;;;;;;;;;;;
REA3004;Trøndelag - Trööndelage;Trondheim katedralskole;;;;;4,4;23;4,3;19;;;;;;;;;;;;;;;;;;;;;;;;;;;;;;;;
REA3004;Trøndelag - Trööndelage;Verdal videregående skole;;;;;*;*;*;*;;;;;;;;;;;;;;;;;;;;;;;;;;;;;;;;
REA3004;Trøndelag - Trööndelage;Ytre Namdal videregående skole;;;;;*;*;*;*;;;;;;;;;;;;;;;;;;;;;;;;;;;;;;;;
REA3004;Vestfold;Alle skoler;;;;;;;;;;;;;;;;;;;;;;;;;;;;;;;;;;;;;;;;
REA3004;Vestfold;Greveskogen videregående skole;;;;;4,4;27;4,5;24;;;;;;;;;;;;;;;;;;;;;;;;;;;;;;;;
REA3004;Vestfold;Holmestrand videregående skole;;;;;4,7;11;;;;;;;;;;;;;;;;;;;;;;;;;;;;;;;;;;
REA3004;Vestfold;Horten videregående skole;;;;;*;*;4,2;22;;;;;;;;;;;;;;;;;;;;;;;;;;;;;;;;
REA3004;Vestfold;Nøtterøy videregående skole;;;;;4,2;34;4,9;14;;;;;;;;;;;;;;;;;;;;;;;;;;;;;;;;
REA3004;Vestfold;Re videregående skole;;;;;5,2;11;*;*;;;;;;;;;;;;;;;;;;;;;;;;;;;;;;;;
REA3004;Vestfold;Sande videregående skole;;;;;4,8;8;5,4;8;;;;;;;;;;;;;;;;;;;;;;;;;;;;;;;;
REA3004;Vestfold;Sandefjord videregående skole;;;;;*;*;*;*;;;;;;;;;;;;;;;;;;;;;;;;;;;;;;;;
REA3004;Vestfold;Thor Heyerdahl videregående skole;;;;;4,3;27;4,4;19;;;;;;;;;;;;;;;;;;;;;;;;;;;;;;;;
REA3004;Vestfold;Wang Tønsberg AS;;;;;4,9;11;4,4;9;;;;;;;;;;;;;;;;;;;;;;;;;;;;;;;;
REA3004;Vestfold og Telemark (2020 - 2023);Alle skoler;;;;;4,4;325;4,5;239;;;;;;;;;;;;;;;;;;;;;;;;;;;;;;;;
REA3004;Vestfold og Telemark (2020 - 2023);Bamble videregående skole;;;;;3,7;6;4,1;7;;;;;;;;;;;;;;;;;;;;;;;;;;;;;;;;
REA3004;Vestfold og Telemark (2020 - 2023);Bø vidaregåande skule;;;;;4,1;11;4,8;9;;;;;;;;;;;;;;;;;;;;;;;;;;;;;;;;
REA3004;Vestfold og Telemark (2020 - 2023);Greveskogen videregående skole;;;;;4,4;27;4,5;24;;;;;;;;;;;;;;;;;;;;;;;;;;;;;;;;
REA3004;Vestfold og Telemark (2020 - 2023);Holmestrand videregående skole;;;;;4,7;11;;;;;;;;;;;;;;;;;;;;;;;;;;;;;;;;;;
REA3004;Vestfold og Telemark (2020 - 2023);Horten videregående skole;;;;;*;*;4,2;22;;;;;;;;;;;;;;;;;;;;;;;;;;;;;;;;
REA3004;Vestfold og Telemark (2020 - 2023);Kragerø videregående skole;;;;;4,2;12;3,9;10;;;;;;;;;;;;;;;;;;;;;;;;;;;;;;;;
REA3004;Vestfold og Telemark (2020 - 2023);Kvitsund gymnas;;;;;*;*;*;*;;;;;;;;;;;;;;;;;;;;;;;;;;;;;;;;
REA3004;Vestfold og Telemark (2020 - 2023);Notodden videregående skole;;;;;4,5;11;4,9;8;;;;;;;;;;;;;;;;;;;;;;;;;;;;;;;;
REA3004;Vestfold og Telemark (2020 - 2023);Nøtterøy videregående skole;;;;;4,2;34;4,9;14;;;;;;;;;;;;;;;;;;;;;;;;;;;;;;;;
REA3004;Vestfold og Telemark (2020 - 2023);Porsgrunn videregående skole;;;;;4,6;17;*;*;;;;;;;;;;;;;;;;;;;;;;;;;;;;;;;;
REA3004;Vestfold og Telemark (2020 - 2023);Re videregående skole;;;;;5,2;11;*;*;;;;;;;;;;;;;;;;;;;;;;;;;;;;;;;;
REA3004;Vestfold og Telemark (2020 - 2023);Rjukan videregående skole;;;;;*;*;*;*;;;;;;;;;;;;;;;;;;;;;;;;;;;;;;;;
REA3004;Vestfold og Telemark (2020 - 2023);Sande videregående skole;;;;;4,8;8;5,4;8;;;;;;;;;;;;;;;;;;;;;;;;;;;;;;;;
REA3004;Vestfold og Telemark (2020 - 2023);Sandefjord videregående skole;;;;;*;*;*;*;;;;;;;;;;;;;;;;;;;;;;;;;;;;;;;;
REA3004;Vestfold og Telemark (2020 - 2023);Skien videregående skole;;;;;4,2;42;4,4;38;;;;;;;;;;;;;;;;;;;;;;;;;;;;;;;;
REA3004;Vestfold og Telemark (2020 - 2023);Stiftelsen Telemark Toppidrett gymnas;;;;;*;*;*;*;;;;;;;;;;;;;;;;;;;;;;;;;;;;;;;;
REA3004;Vestfold og Telemark (2020 - 2023);Thor Heyerdahl videregående skole;;;;;4,3;27;4,4;19;;;;;;;;;;;;;;;;;;;;;;;;;;;;;;;;
REA3004;Vestfold og Telemark (2020 - 2023);Vest-Telemark vidaregåande skule;;;;;*;*;*;*;;;;;;;;;;;;;;;;;;;;;;;;;;;;;;;;
REA3004;Vestfold og Telemark (2020 - 2023);Wang Tønsberg AS;;;;;4,9;11;4,4;9;;;;;;;;;;;;;;;;;;;;;;;;;;;;;;;;
REA3004;Vestland;Alle skoler;;;;;4,4;531;4,5;478;;;;;;;;;;;;;;;;;;;;;;;;;;;;;;;;
REA3004;Vestland;Akademiet Vgs Bergen AS;;;;;*;*;*;*;;;;;;;;;;;;;;;;;;;;;;;;;;;;;;;;
REA3004;Vestland;Amalie Skram videregående skole;;;;;4,6;55;*;*;;;;;;;;;;;;;;;;;;;;;;;;;;;;;;;;
REA3004;Vestland;Arna vidaregåande skule;;;;;*;*;*;*;;;;;;;;;;;;;;;;;;;;;;;;;;;;;;;;
REA3004;Vestland;Askøy videregående skole;;;;;4,8;16;*;*;;;;;;;;;;;;;;;;;;;;;;;;;;;;;;;;
REA3004;Vestland;Austrheim vidaregåande skule;;;;;;;*;*;;;;;;;;;;;;;;;;;;;;;;;;;;;;;;;;
REA3004;Vestland;Bergen katedralskole;;;;;4,2;29;4,9;24;;;;;;;;;;;;;;;;;;;;;;;;;;;;;;;;
REA3004;Vestland;Bergen private gymnas AS;;;;;*;*;4,8;16;;;;;;;;;;;;;;;;;;;;;;;;;;;;;;;;
REA3004;Vestland;Bømlo vidaregåande skule;;;;;*;*;*;*;;;;;;;;;;;;;;;;;;;;;;;;;;;;;;;;
REA3004;Vestland;Dale vidaregåande skule;;;;;*;*;*;*;;;;;;;;;;;;;;;;;;;;;;;;;;;;;;;;
REA3004;Vestland;Danielsen Intensivgymnas;;;;;*;*;4,4;35;;;;;;;;;;;;;;;;;;;;;;;;;;;;;;;;
REA3004;Vestland;Danielsen videregående skole;;;;;4,9;14;3,9;10;;;;;;;;;;;;;;;;;;;;;;;;;;;;;;;;
REA3004;Vestland;Eid vidaregåande skule;;;;;*;*;*;*;;;;;;;;;;;;;;;;;;;;;;;;;;;;;;;;
REA3004;Vestland;Firda vidaregåande skule;;;;;*;*;*;*;;;;;;;;;;;;;;;;;;;;;;;;;;;;;;;;
REA3004;Vestland;Flora vidaregåande skule;;;;;4,6;7;*;*;;;;;;;;;;;;;;;;;;;;;;;;;;;;;;;;
REA3004;Vestland;Framnes Kristne vidaregåande skule;;;;;*;*;*;*;;;;;;;;;;;;;;;;;;;;;;;;;;;;;;;;
REA3004;Vestland;Fusa vidaregåande skule;;;;;*;*;;;;;;;;;;;;;;;;;;;;;;;;;;;;;;;;;;
REA3004;Vestland;Fyllingsdalen videregående skole;;;;;4,1;7;*;*;;;;;;;;;;;;;;;;;;;;;;;;;;;;;;;;
REA3004;Vestland;Hafstad videregående skule;;;;;4,2;23;4,3;26;;;;;;;;;;;;;;;;;;;;;;;;;;;;;;;;
REA3004;Vestland;Høyanger vidaregåande skule;;;;;*;*;*;*;;;;;;;;;;;;;;;;;;;;;;;;;;;;;;;;
REA3004;Vestland;Knarvik vidaregåande skule;;;;;4,0;7;4,5;8;;;;;;;;;;;;;;;;;;;;;;;;;;;;;;;;
REA3004;Vestland;Kvam vidaregåande skule;;;;;4,0;8;4,5;8;;;;;;;;;;;;;;;;;;;;;;;;;;;;;;;;
REA3004;Vestland;Kvinnherad vidaregåande skule;;;;;*;*;*;*;;;;;;;;;;;;;;;;;;;;;;;;;;;;;;;;
REA3004;Vestland;Langhaugen videregående skole;;;;;4,3;25;4,3;16;;;;;;;;;;;;;;;;;;;;;;;;;;;;;;;;
REA3004;Vestland;Metis videregående AS;;;;;*;*;5,1;13;;;;;;;;;;;;;;;;;;;;;;;;;;;;;;;;
REA3004;Vestland;Måløy vidaregåande skule;;;;;*;*;*;*;;;;;;;;;;;;;;;;;;;;;;;;;;;;;;;;
REA3004;Vestland;Nordahl Grieg videregående skole;;;;;*;*;*;*;;;;;;;;;;;;;;;;;;;;;;;;;;;;;;;;
REA3004;Vestland;Odda vidaregåande skule;;;;;*;*;*;*;;;;;;;;;;;;;;;;;;;;;;;;;;;;;;;;
REA3004;Vestland;Olsvikåsen videregående skole;;;;;*;*;4,7;18;;;;;;;;;;;;;;;;;;;;;;;;;;;;;;;;
REA3004;Vestland;Os gymnas;;;;;4,3;10;4,6;10;;;;;;;;;;;;;;;;;;;;;;;;;;;;;;;;
REA3004;Vestland;Osterøy vidaregåande skule;;;;;*;*;*;*;;;;;;;;;;;;;;;;;;;;;;;;;;;;;;;;
REA3004;Vestland;Sandsli videregående skole;;;;;4,4;24;5,0;13;;;;;;;;;;;;;;;;;;;;;;;;;;;;;;;;
REA3004;Vestland;Sogndal vidaregåande skule;;;;;4,8;15;4,7;11;;;;;;;;;;;;;;;;;;;;;;;;;;;;;;;;
REA3004;Vestland;Sotra vidaregåande skule;;;;;3,9;14;4,5;14;;;;;;;;;;;;;;;;;;;;;;;;;;;;;;;;
REA3004;Vestland;St. Paul gymnas;;;;;3,6;7;4,6;16;;;;;;;;;;;;;;;;;;;;;;;;;;;;;;;;
REA3004;Vestland;Stord vidaregåande skule;;;;;*;*;*;*;;;;;;;;;;;;;;;;;;;;;;;;;;;;;;;;
REA3004;Vestland;Stryn vidaregåande skule;;;;;4,3;7;4,2;12;;;;;;;;;;;;;;;;;;;;;;;;;;;;;;;;
REA3004;Vestland;Sygna Vgs;;;;;*;*;*;*;;;;;;;;;;;;;;;;;;;;;;;;;;;;;;;;
REA3004;Vestland;Tertnes vidaregåande skule;;;;;4,0;24;4,3;10;;;;;;;;;;;;;;;;;;;;;;;;;;;;;;;;
REA3004;Vestland;Voss gymnas;;;;;*;*;*;*;;;;;;;;;;;;;;;;;;;;;;;;;;;;;;;;
REA3004;Vestland;Årdal vidaregåande skule;;;;;*;*;*;*;;;;;;;;;;;;;;;;;;;;;;;;;;;;;;;;
REA3004;Vestland;Årstad videregående skole;;;;;*;*;*;*;;;;;;;;;;;;;;;;;;;;;;;;;;;;;;;;
REA3004;Viken (2020 - 2023);Alle skoler;;;;;4,4;1 065;4,4;903;;;;;;;;;;;;;;;;;;;;;;;;;;;;;;;;
REA3004;Viken (2020 - 2023);Akademiet Drammen AS;;;;;*;*;5,0;25;;;;;;;;;;;;;;;;;;;;;;;;;;;;;;;;
REA3004;Viken (2020 - 2023);Akademiet Vgs Bragernes Drammen AS;;;;;*;*;*;*;;;;;;;;;;;;;;;;;;;;;;;;;;;;;;;;
REA3004;Viken (2020 - 2023);Akademiet Ypsilon videregående skole AS;;;;;4,5;10;4,8;13;;;;;;;;;;;;;;;;;;;;;;;;;;;;;;;;
REA3004;Viken (2020 - 2023);Asker videregående skole;;;;;*;*;4,7;27;;;;;;;;;;;;;;;;;;;;;;;;;;;;;;;;
REA3004;Viken (2020 - 2023);Askim videregående skole;;;;;4,5;13;4,2;12;;;;;;;;;;;;;;;;;;;;;;;;;;;;;;;;
REA3004;Viken (2020 - 2023);Bjertnes videregående skole;;;;;4,5;22;*;*;;;;;;;;;;;;;;;;;;;;;;;;;;;;;;;;
REA3004;Viken (2020 - 2023);Bjørkelangen videregående skole;;;;;4,6;14;4,6;12;;;;;;;;;;;;;;;;;;;;;;;;;;;;;;;;
REA3004;Viken (2020 - 2023);Buskerud videregående skole;;;;;4,5;8;4,5;8;;;;;;;;;;;;;;;;;;;;;;;;;;;;;;;;
REA3004;Viken (2020 - 2023);Drammen videregående skole;;;;;*;*;*;*;;;;;;;;;;;;;;;;;;;;;;;;;;;;;;;;
REA3004;Viken (2020 - 2023);Dønski videregående skole;;;;;4,3;18;4,0;7;;;;;;;;;;;;;;;;;;;;;;;;;;;;;;;;
REA3004;Viken (2020 - 2023);Eidsvoll videregående skole;;;;;4,8;8;4,5;10;;;;;;;;;;;;;;;;;;;;;;;;;;;;;;;;
REA3004;Viken (2020 - 2023);Eikeli videregående skole;;;;;*;*;*;*;;;;;;;;;;;;;;;;;;;;;;;;;;;;;;;;
REA3004;Viken (2020 - 2023);Eiker videregående skole;;;;;4,0;21;4,2;18;;;;;;;;;;;;;;;;;;;;;;;;;;;;;;;;
REA3004;Viken (2020 - 2023);Frederik Ii videregående skole;;;;;*;*;*;*;;;;;;;;;;;;;;;;;;;;;;;;;;;;;;;;
REA3004;Viken (2020 - 2023);Frogn videregående skole;;;;;3,8;20;4,1;17;;;;;;;;;;;;;;;;;;;;;;;;;;;;;;;;
REA3004;Viken (2020 - 2023);Gol vidaregåande skule;;;;;*;*;*;*;;;;;;;;;;;;;;;;;;;;;;;;;;;;;;;;
REA3004;Viken (2020 - 2023);Greåker videregående skole;;;;;*;*;*;*;;;;;;;;;;;;;;;;;;;;;;;;;;;;;;;;
REA3004;Viken (2020 - 2023);Halden videregående skole;;;;;*;*;4,2;13;;;;;;;;;;;;;;;;;;;;;;;;;;;;;;;;
REA3004;Viken (2020 - 2023);Hans Nielsen Hauge videregående skole;;;;;*;*;*;*;;;;;;;;;;;;;;;;;;;;;;;;;;;;;;;;
REA3004;Viken (2020 - 2023);Hoppensprett Akademiet Vgs Jessheim AS;;;;;3,7;7;*;*;;;;;;;;;;;;;;;;;;;;;;;;;;;;;;;;
REA3004;Viken (2020 - 2023);Jessheim videregående skole;;;;;4,4;20;4,6;33;;;;;;;;;;;;;;;;;;;;;;;;;;;;;;;;
REA3004;Viken (2020 - 2023);Kirkeparken videregående skole;;;;;*;*;*;*;;;;;;;;;;;;;;;;;;;;;;;;;;;;;;;;
REA3004;Viken (2020 - 2023);Kongsberg videregående skole;;;;;*;*;*;*;;;;;;;;;;;;;;;;;;;;;;;;;;;;;;;;
REA3004;Viken (2020 - 2023);Lillestrøm videregående skole;;;;;4,3;40;*;*;;;;;;;;;;;;;;;;;;;;;;;;;;;;;;;;
REA3004;Viken (2020 - 2023);Lørenskog videregående skole;;;;;*;*;*;*;;;;;;;;;;;;;;;;;;;;;;;;;;;;;;;;
REA3004;Viken (2020 - 2023);Mailand videregående skole;;;;;4,1;28;4,2;35;;;;;;;;;;;;;;;;;;;;;;;;;;;;;;;;
REA3004;Viken (2020 - 2023);Malakoff videregående skole;;;;;3,9;9;4,2;12;;;;;;;;;;;;;;;;;;;;;;;;;;;;;;;;
REA3004;Viken (2020 - 2023);Mysen videregående skole;;;;;4,3;9;4,3;9;;;;;;;;;;;;;;;;;;;;;;;;;;;;;;;;
REA3004;Viken (2020 - 2023);Nadderud videregående skole;;;;;*;*;4,6;29;;;;;;;;;;;;;;;;;;;;;;;;;;;;;;;;
REA3004;Viken (2020 - 2023);Nannestad videregående skole;;;;;3,9;11;4,2;6;;;;;;;;;;;;;;;;;;;;;;;;;;;;;;;;
REA3004;Viken (2020 - 2023);Nes videregående skole;;;;;4,4;7;5,2;9;;;;;;;;;;;;;;;;;;;;;;;;;;;;;;;;
REA3004;Viken (2020 - 2023);Nesbru videregående skole;;;;;3,5;13;4,1;14;;;;;;;;;;;;;;;;;;;;;;;;;;;;;;;;
REA3004;Viken (2020 - 2023);Nesodden videregående skole;;;;;4,9;18;4,0;17;;;;;;;;;;;;;;;;;;;;;;;;;;;;;;;;
REA3004;Viken (2020 - 2023);Norges Realfagsgymnas Sandvika AS;;;;;*;*;*;*;;;;;;;;;;;;;;;;;;;;;;;;;;;;;;;;
REA3004;Viken (2020 - 2023);Norges Toppidrettsgymnas Bærum AS;;;;;4,0;25;4,7;16;;;;;;;;;;;;;;;;;;;;;;;;;;;;;;;;
REA3004;Viken (2020 - 2023);Norges Toppidrettsgymnas Geilo AS;;;;;*;*;*;*;;;;;;;;;;;;;;;;;;;;;;;;;;;;;;;;
REA3004;Viken (2020 - 2023);Numedal videregående skole;;;;;*;*;;;;;;;;;;;;;;;;;;;;;;;;;;;;;;;;;;
REA3004;Viken (2020 - 2023);Ringerike videregående skole;;;;;3,7;17;4,4;23;;;;;;;;;;;;;;;;;;;;;;;;;;;;;;;;
REA3004;Viken (2020 - 2023);Roald Amundsen videregående skole;;;;;4,3;9;4,2;6;;;;;;;;;;;;;;;;;;;;;;;;;;;;;;;;
REA3004;Viken (2020 - 2023);Rosenvilde videregående skole;;;;;*;*;*;*;;;;;;;;;;;;;;;;;;;;;;;;;;;;;;;;
REA3004;Viken (2020 - 2023);Rælingen videregående skole;;;;;3,8;18;*;*;;;;;;;;;;;;;;;;;;;;;;;;;;;;;;;;
REA3004;Viken (2020 - 2023);Røyken videregående skole;;;;;3,7;11;3,0;6;;;;;;;;;;;;;;;;;;;;;;;;;;;;;;;;
REA3004;Viken (2020 - 2023);Sandvika videregående skole;;;;;4,8;43;4,4;24;;;;;;;;;;;;;;;;;;;;;;;;;;;;;;;;
REA3004;Viken (2020 - 2023);Skedsmo videregående skole;;;;;4,9;23;4,3;17;;;;;;;;;;;;;;;;;;;;;;;;;;;;;;;;
REA3004;Viken (2020 - 2023);Ski videregående skole;;;;;*;*;4,8;26;;;;;;;;;;;;;;;;;;;;;;;;;;;;;;;;
REA3004;Viken (2020 - 2023);St Hallvard videregående skole;;;;;4,7;12;4,0;10;;;;;;;;;;;;;;;;;;;;;;;;;;;;;;;;
REA3004;Viken (2020 - 2023);St. Olav videregående skole;;;;;4,6;22;4,3;28;;;;;;;;;;;;;;;;;;;;;;;;;;;;;;;;
REA3004;Viken (2020 - 2023);Stabekk videregående skole;;;;;*;*;4,7;16;;;;;;;;;;;;;;;;;;;;;;;;;;;;;;;;
REA3004;Viken (2020 - 2023);Sørumsand videregående skole;;;;;4,6;25;4,5;8;;;;;;;;;;;;;;;;;;;;;;;;;;;;;;;;
REA3004;Viken (2020 - 2023);Tyrifjord videregående skole;;;;;*;*;4,8;9;;;;;;;;;;;;;;;;;;;;;;;;;;;;;;;;
REA3004;Viken (2020 - 2023);Valler videregående skole;;;;;5,1;38;5,2;54;;;;;;;;;;;;;;;;;;;;;;;;;;;;;;;;
REA3004;Viken (2020 - 2023);Vestby videregående skole;;;;;*;*;*;*;;;;;;;;;;;;;;;;;;;;;;;;;;;;;;;;
REA3004;Viken (2020 - 2023);Wang Fredrikstad AS;;;;;*;*;*;*;;;;;;;;;;;;;;;;;;;;;;;;;;;;;;;;
REA3004;Viken (2020 - 2023);Ås videregående skole;;;;;4,5;20;*;*;;;;;;;;;;;;;;;;;;;;;;;;;;;;;;;;
REA3004;Østfold;Alle skoler;;;;;;;;;;;;;;;;;;;;;;;;;;;;;;;;;;;;;;;;
REA3004;Østfold;Askim videregående skole;;;;;4,5;13;4,2;12;;;;;;;;;;;;;;;;;;;;;;;;;;;;;;;;
REA3004;Østfold;Frederik Ii videregående skole;;;;;*;*;*;*;;;;;;;;;;;;;;;;;;;;;;;;;;;;;;;;
REA3004;Østfold;Greåker videregående skole;;;;;*;*;*;*;;;;;;;;;;;;;;;;;;;;;;;;;;;;;;;;
REA3004;Østfold;Halden videregående skole;;;;;*;*;4,2;13;;;;;;;;;;;;;;;;;;;;;;;;;;;;;;;;
REA3004;Østfold;Hans Nielsen Hauge videregående skole;;;;;*;*;*;*;;;;;;;;;;;;;;;;;;;;;;;;;;;;;;;;
REA3004;Østfold;Kirkeparken videregående skole;;;;;*;*;*;*;;;;;;;;;;;;;;;;;;;;;;;;;;;;;;;;
REA3004;Østfold;Malakoff videregående skole;;;;;3,9;9;4,2;12;;;;;;;;;;;;;;;;;;;;;;;;;;;;;;;;
REA3004;Østfold;Mysen videregående skole;;;;;4,3;9;4,3;9;;;;;;;;;;;;;;;;;;;;;;;;;;;;;;;;
REA3004;Østfold;St. Olav videregående skole;;;;;4,6;22;4,3;28;;;;;;;;;;;;;;;;;;;;;;;;;;;;;;;;
REA3004;Østfold;Wang Fredrikstad AS;;;;;*;*;*;*;;;;;;;;;;;;;;;;;;;;;;;;;;;;;;;;
REA3004;Alle fylker;Alle skoler;;;;;;;*;*;;;;;;;;;;;;;;;;;;;;;;;;;;;;;;;;
REA3004;Utlandet;Alle skoler;;;;;;;*;*;;;;;;;;;;;;;;;;;;;;;;;;;;;;;;;;
REA3004;Utlandet;Den norske skole - Gran Canaria;;;;;;;*;*;;;;;;;;;;;;;;;;;;;;;;;;;;;;;;;;
REA3005;Alle fylker;Alle skoler;;;;;4,3;2 220;4,4;842;;;;;4,3;2 129;4,3;860;;;;;;;;;;;;;;;;;;;;;;;;
REA3005;Alle fylker;Alle skoler;;;;;4,3;2 220;4,4;842;;;;;4,3;2 129;4,3;860;;;;;;;;;;;;;;;;;;;;;;;;
REA3005;Agder;Alle skoler;;;;;*;*;4,2;46;;;;;4,4;103;*;*;;;;;;;;;;;;;;;;;;;;;;;;
REA3005;Agder;Arendal videregående skole avd Tyholmen;;;;;*;*;3,7;6;;;;;*;*;*;*;;;;;;;;;;;;;;;;;;;;;;;;
REA3005;Agder;Dahlske videregående skole;;;;;*;*;*;*;;;;;*;*;*;*;;;;;;;;;;;;;;;;;;;;;;;;
REA3005;Agder;Drottningborg Vgs AS;;;;;*;*;*;*;;;;;*;*;*;*;;;;;;;;;;;;;;;;;;;;;;;;
REA3005;Agder;Eilert Sundt videregående skole Studiested Farsund;;;;;3,8;10;;;;;;;;;;;;;;;;;;;;;;;;;;;;;;;;;;
REA3005;Agder;Flekkefjord videregående skole Studiested Flekkefjord;;;;;*;*;*;*;;;;;;;;;;;;;;;;;;;;;;;;;;;;;;;;
REA3005;Agder;Kristiansand katedralskole Gimle;;;;;5,0;15;4,3;7;;;;;4,6;29;4,4;8;;;;;;;;;;;;;;;;;;;;;;;;
REA3005;Agder;Lillesand videregående skole;;;;;*;*;*;*;;;;;*;*;*;*;;;;;;;;;;;;;;;;;;;;;;;;
REA3005;Agder;Mandal videregående skole;;;;;*;*;*;*;;;;;*;*;*;*;;;;;;;;;;;;;;;;;;;;;;;;
REA3005;Agder;Risør videregående skole;;;;;*;*;*;*;;;;;4,3;6;;;;;;;;;;;;;;;;;;;;;;;;;;
REA3005;Agder;Setesdal vidaregåande skule;;;;;*;*;*;*;;;;;*;*;*;*;;;;;;;;;;;;;;;;;;;;;;;;
REA3005;Agder;Tangen videregående skole;;;;;*;*;*;*;;;;;*;*;*;*;;;;;;;;;;;;;;;;;;;;;;;;
REA3005;Agder;Tvedestrand videregående skole;;;;;*;*;;;;;;;*;*;;;;;;;;;;;;;;;;;;;;;;;;;;
REA3005;Agder;Vennesla videregående skole;;;;;*;*;;;;;;;*;*;*;*;;;;;;;;;;;;;;;;;;;;;;;;
REA3005;Agder;Vågsbygd videregående skole;;;;;*;*;*;*;;;;;4,8;6;*;*;;;;;;;;;;;;;;;;;;;;;;;;
REA3005;Akershus;Alle skoler;;;;;;;;;;;;;;;;;;;;;;;;;;;;;;;;;;;;;;;;
REA3005;Akershus;Asker videregående skole;;;;;5,2;13;5,1;10;;;;;*;*;*;*;;;;;;;;;;;;;;;;;;;;;;;;
REA3005;Akershus;Bjertnes videregående skole;;;;;*;*;*;*;;;;;*;*;*;*;;;;;;;;;;;;;;;;;;;;;;;;
REA3005;Akershus;Bjørkelangen videregående skole;;;;;*;*;*;*;;;;;*;*;*;*;;;;;;;;;;;;;;;;;;;;;;;;
REA3005;Akershus;Eidsvoll videregående skole;;;;;*;*;*;*;;;;;*;*;*;*;;;;;;;;;;;;;;;;;;;;;;;;
REA3005;Akershus;Eikeli videregående skole;;;;;*;*;*;*;;;;;*;*;*;*;;;;;;;;;;;;;;;;;;;;;;;;
REA3005;Akershus;Frogn videregående skole;;;;;*;*;*;*;;;;;*;*;*;*;;;;;;;;;;;;;;;;;;;;;;;;
REA3005;Akershus;Hoppensprett Akademiet Vgs Jessheim AS;;;;;*;*;;;;;;;*;*;*;*;;;;;;;;;;;;;;;;;;;;;;;;
REA3005;Akershus;Jessheim videregående skole;;;;;*;*;*;*;;;;;4,8;9;3,8;9;;;;;;;;;;;;;;;;;;;;;;;;
REA3005;Akershus;Lillestrøm videregående skole;;;;;5,1;18;5,3;8;;;;;4,0;23;4,1;7;;;;;;;;;;;;;;;;;;;;;;;;
REA3005;Akershus;Lørenskog videregående skole;;;;;4,6;12;*;*;;;;;4,5;20;4,5;10;;;;;;;;;;;;;;;;;;;;;;;;
REA3005;Akershus;Mailand videregående skole;;;;;3,8;8;3,1;7;;;;;*;*;*;*;;;;;;;;;;;;;;;;;;;;;;;;
REA3005;Akershus;Nadderud videregående skole;;;;;*;*;*;*;;;;;*;*;*;*;;;;;;;;;;;;;;;;;;;;;;;;
REA3005;Akershus;Nannestad videregående skole;;;;;4,5;10;4,7;6;;;;;*;*;*;*;;;;;;;;;;;;;;;;;;;;;;;;
REA3005;Akershus;Nes videregående skole;;;;;*;*;*;*;;;;;;;;;;;;;;;;;;;;;;;;;;;;;;;;
REA3005;Akershus;Nesbru videregående skole;;;;;*;*;;;;;;;*;*;4,0;6;;;;;;;;;;;;;;;;;;;;;;;;
REA3005;Akershus;Nesodden videregående skole;;;;;*;*;*;*;;;;;3,8;16;3,6;9;;;;;;;;;;;;;;;;;;;;;;;;
REA3005;Akershus;Norges Realfagsgymnas Sandvika AS;;;;;*;*;*;*;;;;;*;*;;;;;;;;;;;;;;;;;;;;;;;;;;
REA3005;Akershus;Norges Toppidrettsgymnas Bærum AS;;;;;*;*;*;*;;;;;3,6;25;3,9;16;;;;;;;;;;;;;;;;;;;;;;;;
REA3005;Akershus;Roald Amundsen videregående skole;;;;;*;*;*;*;;;;;*;*;*;*;;;;;;;;;;;;;;;;;;;;;;;;
REA3005;Akershus;Rosenvilde videregående skole;;;;;*;*;*;*;;;;;4,3;11;*;*;;;;;;;;;;;;;;;;;;;;;;;;
REA3005;Akershus;Rælingen videregående skole;;;;;2,9;7;;;;;;;*;*;*;*;;;;;;;;;;;;;;;;;;;;;;;;
REA3005;Akershus;Røyken videregående skole;;;;;*;*;*;*;;;;;*;*;*;*;;;;;;;;;;;;;;;;;;;;;;;;
REA3005;Akershus;Sandvika videregående skole;;;;;4,4;25;4,7;18;;;;;4,1;28;3,2;9;;;;;;;;;;;;;;;;;;;;;;;;
REA3005;Akershus;Skedsmo videregående skole;;;;;3,8;14;;;;;;;*;*;*;*;;;;;;;;;;;;;;;;;;;;;;;;
REA3005;Akershus;Ski videregående skole;;;;;*;*;*;*;;;;;*;*;*;*;;;;;;;;;;;;;;;;;;;;;;;;
REA3005;Akershus;Stabekk videregående skole;;;;;*;*;*;*;;;;;*;*;*;*;;;;;;;;;;;;;;;;;;;;;;;;
REA3005;Akershus;Sørumsand videregående skole;;;;;4,6;7;;;;;;;*;*;;;;;;;;;;;;;;;;;;;;;;;;;;
REA3005;Akershus;Valler videregående skole;;;;;4,5;43;4,7;14;;;;;4,8;23;4,8;23;;;;;;;;;;;;;;;;;;;;;;;;
REA3005;Akershus;Vestby videregående skole;;;;;*;*;*;*;;;;;*;*;*;*;;;;;;;;;;;;;;;;;;;;;;;;
REA3005;Akershus;Ås videregående skole;;;;;*;*;*;*;;;;;*;*;*;*;;;;;;;;;;;;;;;;;;;;;;;;
REA3005;Buskerud;Alle skoler;;;;;;;;;;;;;;;;;;;;;;;;;;;;;;;;;;;;;;;;
REA3005;Buskerud;Akademiet Drammen AS;;;;;4,8;8;*;*;;;;;*;*;*;*;;;;;;;;;;;;;;;;;;;;;;;;
REA3005;Buskerud;Akademiet Ypsilon videregående skole AS;;;;;*;*;*;*;;;;;4,1;8;3,2;6;;;;;;;;;;;;;;;;;;;;;;;;
REA3005;Buskerud;Buskerud videregående skole;;;;;*;*;;;;;;;;;*;*;;;;;;;;;;;;;;;;;;;;;;;;
REA3005;Buskerud;Drammen videregående skole;;;;;4,1;37;*;*;;;;;4,2;21;*;*;;;;;;;;;;;;;;;;;;;;;;;;
REA3005;Buskerud;Eiker videregående skole;;;;;*;*;*;*;;;;;4,2;10;3,7;7;;;;;;;;;;;;;;;;;;;;;;;;
REA3005;Buskerud;Gol vidaregåande skule;;;;;*;*;*;*;;;;;*;*;*;*;;;;;;;;;;;;;;;;;;;;;;;;
REA3005;Buskerud;Kongsberg videregående skole;;;;;*;*;*;*;;;;;*;*;*;*;;;;;;;;;;;;;;;;;;;;;;;;
REA3005;Buskerud;Norges Toppidrettsgymnas Geilo AS;;;;;*;*;*;*;;;;;*;*;*;*;;;;;;;;;;;;;;;;;;;;;;;;
REA3005;Buskerud;Numedal videregående skole;;;;;*;*;*;*;;;;;*;*;;;;;;;;;;;;;;;;;;;;;;;;;;
REA3005;Buskerud;Ringerike videregående skole;;;;;*;*;*;*;;;;;3,7;9;4,8;6;;;;;;;;;;;;;;;;;;;;;;;;
REA3005;Buskerud;St Hallvard videregående skole;;;;;*;*;*;*;;;;;*;*;*;*;;;;;;;;;;;;;;;;;;;;;;;;
REA3005;Buskerud;Tyrifjord videregående skole;;;;;;;*;*;;;;;*;*;*;*;;;;;;;;;;;;;;;;;;;;;;;;
REA3005;Finnmark - Finnmárku - Finmarkku;Alle skoler;;;;;;;;;;;;;;;;;;;;;;;;;;;;;;;;;;;;;;;;
REA3005;Finnmark - Finnmárku - Finmarkku;Alta videregående skole;;;;;*;*;*;*;;;;;*;*;*;*;;;;;;;;;;;;;;;;;;;;;;;;
REA3005;Finnmark - Finnmárku - Finmarkku;Hammerfest videregående skole;;;;;*;*;*;*;;;;;*;*;*;*;;;;;;;;;;;;;;;;;;;;;;;;
REA3005;Finnmark - Finnmárku - Finmarkku;Kirkenes videregående skole;;;;;*;*;*;*;;;;;*;*;*;*;;;;;;;;;;;;;;;;;;;;;;;;
REA3005;Finnmark - Finnmárku - Finmarkku;Lakselv videregående skole;;;;;*;*;;;;;;;;;*;*;;;;;;;;;;;;;;;;;;;;;;;;
REA3005;Finnmark - Finnmárku - Finmarkku;Nordkapp videregående skole;;;;;*;*;;;;;;;*;*;*;*;;;;;;;;;;;;;;;;;;;;;;;;
REA3005;Finnmark - Finnmárku - Finmarkku;Samisk videregående skole Karasjok;;;;;*;*;;;;;;;*;*;*;*;;;;;;;;;;;;;;;;;;;;;;;;
REA3005;Finnmark - Finnmárku - Finmarkku;Samisk videregående skole og reindriftsskole;;;;;*;*;*;*;;;;;*;*;;;;;;;;;;;;;;;;;;;;;;;;;;
REA3005;Innlandet;Alle skoler;;;;;*;*;*;*;;;;;*;*;*;*;;;;;;;;;;;;;;;;;;;;;;;;
REA3005;Innlandet;Elverum videregående skole;;;;;*;*;*;*;;;;;*;*;*;*;;;;;;;;;;;;;;;;;;;;;;;;
REA3005;Innlandet;Gjøvik videregående skole;;;;;*;*;4,8;12;;;;;*;*;4,5;8;;;;;;;;;;;;;;;;;;;;;;;;
REA3005;Innlandet;Hadeland videregående skole;;;;;*;*;*;*;;;;;*;*;*;*;;;;;;;;;;;;;;;;;;;;;;;;
REA3005;Innlandet;Hamar katedralskole;;;;;3,9;8;4,0;8;;;;;4,4;8;4,3;7;;;;;;;;;;;;;;;;;;;;;;;;
REA3005;Innlandet;Lena-Valle videregående skole avd Lena;;;;;*;*;*;*;;;;;;;*;*;;;;;;;;;;;;;;;;;;;;;;;;
REA3005;Innlandet;Lillehammer videregående skole avd Sør;;;;;4,6;15;4,2;12;;;;;*;*;*;*;;;;;;;;;;;;;;;;;;;;;;;;
REA3005;Innlandet;Nord-Østerdal videregående skole;;;;;*;*;*;*;;;;;*;*;*;*;;;;;;;;;;;;;;;;;;;;;;;;
REA3005;Innlandet;Norges Toppidrettsgymnas Kongsvinger AS;;;;;*;*;*;*;;;;;3,5;13;3,5;14;;;;;;;;;;;;;;;;;;;;;;;;
REA3005;Innlandet;Norges Toppidrettsgymnas Lillehammer AS;;;;;*;*;*;*;;;;;*;*;*;*;;;;;;;;;;;;;;;;;;;;;;;;
REA3005;Innlandet;Raufoss videregående skole avd Dokka;;;;;*;*;*;*;;;;;*;*;*;*;;;;;;;;;;;;;;;;;;;;;;;;
REA3005;Innlandet;Ringsaker videregående skole;;;;;4,9;9;;;;;;;*;*;;;;;;;;;;;;;;;;;;;;;;;;;;
REA3005;Innlandet;Sentrum videregående skole avd Skarnes;;;;;*;*;*;*;;;;;*;*;*;*;;;;;;;;;;;;;;;;;;;;;;;;
REA3005;Innlandet;Solør videregående skole;;;;;*;*;*;*;;;;;*;*;*;*;;;;;;;;;;;;;;;;;;;;;;;;
REA3005;Innlandet;Stange videregående skole;;;;;*;*;*;*;;;;;*;*;*;*;;;;;;;;;;;;;;;;;;;;;;;;
REA3005;Innlandet;Valdres vidaregåande skule;;;;;*;*;*;*;;;;;*;*;*;*;;;;;;;;;;;;;;;;;;;;;;;;
REA3005;Innlandet;Vinstra vidaregåande skule;;;;;*;*;;;;;;;*;*;*;*;;;;;;;;;;;;;;;;;;;;;;;;
REA3005;Innlandet;Wang Hamar AS;;;;;*;*;*;*;;;;;*;*;*;*;;;;;;;;;;;;;;;;;;;;;;;;
REA3005;Innlandet;Øvrebyen videregående skole;;;;;*;*;*;*;;;;;*;*;*;*;;;;;;;;;;;;;;;;;;;;;;;;
REA3005;Møre og Romsdal;Alle skoler;;;;;*;*;*;*;;;;;3,9;81;4,2;35;;;;;;;;;;;;;;;;;;;;;;;;
REA3005;Møre og Romsdal;Atlanten videregående skole;;;;;*;*;*;*;;;;;*;*;*;*;;;;;;;;;;;;;;;;;;;;;;;;
REA3005;Møre og Romsdal;Haram vidaregåande skule;;;;;*;*;*;*;;;;;*;*;*;*;;;;;;;;;;;;;;;;;;;;;;;;
REA3005;Møre og Romsdal;Hustadvika vidaregåande skole;;;;;*;*;*;*;;;;;*;*;*;*;;;;;;;;;;;;;;;;;;;;;;;;
REA3005;Møre og Romsdal;Molde videregående skole;;;;;*;*;*;*;;;;;*;*;*;*;;;;;;;;;;;;;;;;;;;;;;;;
REA3005;Møre og Romsdal;Rauma videregående skole;;;;;*;*;*;*;;;;;*;*;*;*;;;;;;;;;;;;;;;;;;;;;;;;
REA3005;Møre og Romsdal;Spjelkavik videregående skole;;;;;4,1;20;3,7;6;;;;;3,8;13;3,5;6;;;;;;;;;;;;;;;;;;;;;;;;
REA3005;Møre og Romsdal;Sunndal vidaregåande skole;;;;;*;*;*;*;;;;;3,9;9;4,1;9;;;;;;;;;;;;;;;;;;;;;;;;
REA3005;Møre og Romsdal;Surnadal vidaregåande skule;;;;;*;*;;;;;;;*;*;;;;;;;;;;;;;;;;;;;;;;;;;;
REA3005;Møre og Romsdal;Tingvoll vidaregåande skole;;;;;*;*;;;;;;;;;;;;;;;;;;;;;;;;;;;;;;;;;;
REA3005;Møre og Romsdal;Ulstein vidaregåande skule;;;;;*;*;*;*;;;;;*;*;*;*;;;;;;;;;;;;;;;;;;;;;;;;
REA3005;Møre og Romsdal;Volda vidaregåande skule;;;;;*;*;*;*;;;;;*;*;*;*;;;;;;;;;;;;;;;;;;;;;;;;
REA3005;Møre og Romsdal;Ålesund videregående skole;;;;;*;*;*;*;;;;;*;*;*;*;;;;;;;;;;;;;;;;;;;;;;;;
REA3005;Nordland - Nordlánnda;Alle skoler;;;;;*;*;4,4;34;;;;;4,3;60;4,6;30;;;;;;;;;;;;;;;;;;;;;;;;
REA3005;Nordland - Nordlánnda;Aust-Lofoten videregående skole;;;;;*;*;*;*;;;;;*;*;*;*;;;;;;;;;;;;;;;;;;;;;;;;
REA3005;Nordland - Nordlánnda;Bodin videregående skole;;;;;5,3;11;;;;;;;*;*;*;*;;;;;;;;;;;;;;;;;;;;;;;;
REA3005;Nordland - Nordlánnda;Bodø videregående skole;;;;;3,7;6;5,0;6;;;;;*;*;;;;;;;;;;;;;;;;;;;;;;;;;;
REA3005;Nordland - Nordlánnda;Brønnøysund videregående skole;;;;;*;*;*;*;;;;;*;*;*;*;;;;;;;;;;;;;;;;;;;;;;;;
REA3005;Nordland - Nordlánnda;Fauske videregående skole;;;;;*;*;;;;;;;*;*;*;*;;;;;;;;;;;;;;;;;;;;;;;;
REA3005;Nordland - Nordlánnda;Mosjøen videregående skole;;;;;*;*;*;*;;;;;*;*;*;*;;;;;;;;;;;;;;;;;;;;;;;;
REA3005;Nordland - Nordlánnda;Narvik videregående skole;;;;;4,5;6;4,4;7;;;;;4,7;6;*;*;;;;;;;;;;;;;;;;;;;;;;;;
REA3005;Nordland - Nordlánnda;Polarsirkelen videregående skole;;;;;*;*;*;*;;;;;*;*;*;*;;;;;;;;;;;;;;;;;;;;;;;;
REA3005;Nordland - Nordlánnda;Saltdal videregående skole;;;;;*;*;;;;;;;*;*;;;;;;;;;;;;;;;;;;;;;;;;;;
REA3005;Nordland - Nordlánnda;Sandnessjøen videregående skole;;;;;*;*;*;*;;;;;*;*;*;*;;;;;;;;;;;;;;;;;;;;;;;;
REA3005;Nordland - Nordlánnda;Sortland videregående skole avd Sortland;;;;;*;*;*;*;;;;;*;*;*;*;;;;;;;;;;;;;;;;;;;;;;;;
REA3005;Nordland - Nordlánnda;Vest-Lofoten videregående skole;;;;;*;*;*;*;;;;;3,6;7;;;;;;;;;;;;;;;;;;;;;;;;;;
REA3005;Oslo;Alle skoler;;;;;*;*;*;*;;;;;*;*;*;*;;;;;;;;;;;;;;;;;;;;;;;;
REA3005;Oslo;Akademiet Oslo AS;;;;;;;;;;;;;*;*;*;*;;;;;;;;;;;;;;;;;;;;;;;;
REA3005;Oslo;Akademiet Vgs Bislett AS;;;;;*;*;;;;;;;;;;;;;;;;;;;;;;;;;;;;;;;;;;
REA3005;Oslo;Bjerke videregående skole;;;;;5,3;14;;;;;;;*;*;*;*;;;;;;;;;;;;;;;;;;;;;;;;
REA3005;Oslo;Blindern videregående skole;;;;;*;*;*;*;;;;;*;*;*;*;;;;;;;;;;;;;;;;;;;;;;;;
REA3005;Oslo;Edvard Munch videregående skole;;;;;*;*;3,6;8;;;;;4,3;12;4,6;7;;;;;;;;;;;;;;;;;;;;;;;;
REA3005;Oslo;Elvebakken videregående skole;;;;;*;*;4,8;18;;;;;*;*;*;*;;;;;;;;;;;;;;;;;;;;;;;;
REA3005;Oslo;Foss videregående skole;;;;;*;*;*;*;;;;;*;*;5,5;6;;;;;;;;;;;;;;;;;;;;;;;;
REA3005;Oslo;Fyrstikkalleen skole;;;;;3,9;10;;;;;;;*;*;*;*;;;;;;;;;;;;;;;;;;;;;;;;
REA3005;Oslo;Hartvig Nissens skole;;;;;*;*;;;;;;;*;*;*;*;;;;;;;;;;;;;;;;;;;;;;;;
REA3005;Oslo;Heltberg private gymnas;;;;;*;*;;;;;;;4,7;7;*;*;;;;;;;;;;;;;;;;;;;;;;;;
REA3005;Oslo;Hersleb videregående skole;;;;;*;*;*;*;;;;;*;*;*;*;;;;;;;;;;;;;;;;;;;;;;;;
REA3005;Oslo;Kongshavn videregående skole;;;;;3,4;7;;;;;;;*;*;*;*;;;;;;;;;;;;;;;;;;;;;;;;
REA3005;Oslo;Kongsskogen videregående skole;;;;;;;;;;;;;*;*;*;*;;;;;;;;;;;;;;;;;;;;;;;;
REA3005;Oslo;Kristelig gymnasium AS videregående skole;;;;;*;*;*;*;;;;;*;*;*;*;;;;;;;;;;;;;;;;;;;;;;;;
REA3005;Oslo;Kuben videregående skole;;;;;*;*;;;;;;;*;*;*;*;;;;;;;;;;;;;;;;;;;;;;;;
REA3005;Oslo;Lambertseter videregående skole;;;;;*;*;*;*;;;;;*;*;*;*;;;;;;;;;;;;;;;;;;;;;;;;
REA3005;Oslo;Nydalen videregående skole;;;;;5,2;27;5,1;13;;;;;4,9;25;4,1;7;;;;;;;;;;;;;;;;;;;;;;;;
REA3005;Oslo;Oslo Handelsgymnasium;;;;;*;*;*;*;;;;;*;*;*;*;;;;;;;;;;;;;;;;;;;;;;;;
REA3005;Oslo;Oslo katedralskole;;;;;4,9;35;5,0;20;;;;;4,9;29;3,9;17;;;;;;;;;;;;;;;;;;;;;;;;
REA3005;Oslo;Persbråten videregående skole;;;;;4,7;9;;;;;;;*;*;*;*;;;;;;;;;;;;;;;;;;;;;;;;
REA3005;Oslo;Ullern videregående skole;;;;;4,6;16;4,7;7;;;;;5,1;41;4,6;9;;;;;;;;;;;;;;;;;;;;;;;;
REA3005;Oslo;Valle Hovin videregående skole;;;;;*;*;*;*;;;;;*;*;*;*;;;;;;;;;;;;;;;;;;;;;;;;
REA3005;Oslo;Wang videregående Skole/ Wang Toppidrett;;;;;*;*;*;*;;;;;4,6;18;3,9;7;;;;;;;;;;;;;;;;;;;;;;;;
REA3005;Rogaland;Alle skoler;;;;;4,2;246;4,6;68;;;;;4,4;231;4,3;90;;;;;;;;;;;;;;;;;;;;;;;;
REA3005;Rogaland;Akademiet Sandnes;;;;;;;;;;;;;*;*;*;*;;;;;;;;;;;;;;;;;;;;;;;;
REA3005;Rogaland;Bryne vidaregåande skule;;;;;*;*;*;*;;;;;*;*;*;*;;;;;;;;;;;;;;;;;;;;;;;;
REA3005;Rogaland;Dalane videregående skole;;;;;*;*;*;*;;;;;*;*;*;*;;;;;;;;;;;;;;;;;;;;;;;;
REA3005;Rogaland;Forus friskole - Vgs;;;;;;;;;;;;;*;*;*;*;;;;;;;;;;;;;;;;;;;;;;;;
REA3005;Rogaland;Haugesund Toppidrettsgymnas AS;;;;;*;*;*;*;;;;;*;*;*;*;;;;;;;;;;;;;;;;;;;;;;;;
REA3005;Rogaland;Hetland videregående skole;;;;;*;*;*;*;;;;;*;*;*;*;;;;;;;;;;;;;;;;;;;;;;;;
REA3005;Rogaland;Kopervik videregående skole;;;;;*;*;*;*;;;;;*;*;*;*;;;;;;;;;;;;;;;;;;;;;;;;
REA3005;Rogaland;Lundeneset Vgs;;;;;*;*;*;*;;;;;*;*;;;;;;;;;;;;;;;;;;;;;;;;;;
REA3005;Rogaland;Randaberg videregående skole;;;;;2,3;8;;;;;;;*;*;*;*;;;;;;;;;;;;;;;;;;;;;;;;
REA3005;Rogaland;Sandnes videregående skole;;;;;4,2;37;4,9;9;;;;;*;*;*;*;;;;;;;;;;;;;;;;;;;;;;;;
REA3005;Rogaland;Sauda vidaregåande skule;;;;;*;*;*;*;;;;;4,4;9;5,2;6;;;;;;;;;;;;;;;;;;;;;;;;
REA3005;Rogaland;Skeisvang videregående skole;;;;;4,1;15;4,3;6;;;;;3,8;13;4,8;10;;;;;;;;;;;;;;;;;;;;;;;;
REA3005;Rogaland;Sola videregående skole;;;;;*;*;*;*;;;;;*;*;*;*;;;;;;;;;;;;;;;;;;;;;;;;
REA3005;Rogaland;St Svithun videregående skole;;;;;*;*;*;*;;;;;*;*;*;*;;;;;;;;;;;;;;;;;;;;;;;;
REA3005;Rogaland;St. Olav videregående skole;;;;;4,6;55;5,1;20;;;;;4,8;53;4,1;16;;;;;;;;;;;;;;;;;;;;;;;;
REA3005;Rogaland;Stavanger katedralskole;;;;;*;*;*;*;;;;;4,5;25;4,6;14;;;;;;;;;;;;;;;;;;;;;;;;
REA3005;Rogaland;Strand videregående skole;;;;;*;*;*;*;;;;;*;*;*;*;;;;;;;;;;;;;;;;;;;;;;;;
REA3005;Rogaland;Tryggheim vidaregåande skule;;;;;5,0;6;*;*;;;;;*;*;*;*;;;;;;;;;;;;;;;;;;;;;;;;
REA3005;Rogaland;Vardafjell videregående skole;;;;;3,6;7;;;;;;;*;*;*;*;;;;;;;;;;;;;;;;;;;;;;;;
REA3005;Rogaland;Wang Toppidrett Stavanger AS;;;;;*;*;*;*;;;;;4,5;6;4,6;7;;;;;;;;;;;;;;;;;;;;;;;;
REA3005;Rogaland;Ølen vidaregåande skule;;;;;*;*;;;;;;;*;*;*;*;;;;;;;;;;;;;;;;;;;;;;;;
REA3005;Telemark;Alle skoler;;;;;;;;;;;;;;;;;;;;;;;;;;;;;;;;;;;;;;;;
REA3005;Telemark;Bø vidaregåande skule;;;;;4,4;8;4,6;8;;;;;*;*;*;*;;;;;;;;;;;;;;;;;;;;;;;;
REA3005;Telemark;Notodden videregående skole;;;;;*;*;;;;;;;*;*;*;*;;;;;;;;;;;;;;;;;;;;;;;;
REA3005;Telemark;Porsgrunn videregående skole;;;;;4,4;10;4,3;7;;;;;*;*;*;*;;;;;;;;;;;;;;;;;;;;;;;;
REA3005;Telemark;Rjukan videregående skole;;;;;*;*;*;*;;;;;*;*;*;*;;;;;;;;;;;;;;;;;;;;;;;;
REA3005;Telemark;Skien videregående skole;;;;;*;*;*;*;;;;;4,2;16;4,8;8;;;;;;;;;;;;;;;;;;;;;;;;
REA3005;Telemark;Stiftelsen Telemark Toppidrett gymnas;;;;;*;*;*;*;;;;;*;*;*;*;;;;;;;;;;;;;;;;;;;;;;;;
REA3005;Troms - Romsa - Tromssa ;Alle skoler;;;;;;;;;;;;;;;;;;;;;;;;;;;;;;;;;;;;;;;;
REA3005;Troms - Romsa - Tromssa ;Bardufoss videregående skole;;;;;*;*;*;*;;;;;*;*;;;;;;;;;;;;;;;;;;;;;;;;;;
REA3005;Troms - Romsa - Tromssa ;Heggen videregående skole;;;;;*;*;*;*;;;;;*;*;*;*;;;;;;;;;;;;;;;;;;;;;;;;
REA3005;Troms - Romsa - Tromssa ;Kongsbakken videregående skole;;;;;4,8;19;5,0;6;;;;;*;*;*;*;;;;;;;;;;;;;;;;;;;;;;;;
REA3005;Troms - Romsa - Tromssa ;Kvaløya videregående skole;;;;;*;*;*;*;;;;;*;*;*;*;;;;;;;;;;;;;;;;;;;;;;;;
REA3005;Troms - Romsa - Tromssa ;Nordkjosbotn videregående skole;;;;;*;*;;;;;;;*;*;;;;;;;;;;;;;;;;;;;;;;;;;;
REA3005;Troms - Romsa - Tromssa ;Nord-Troms videregående skole avd Nordreisa;;;;;*;*;*;*;;;;;*;*;*;*;;;;;;;;;;;;;;;;;;;;;;;;
REA3005;Troms - Romsa - Tromssa ;Norges Toppidrettsgymnas Tromsø AS;;;;;*;*;*;*;;;;;*;*;*;*;;;;;;;;;;;;;;;;;;;;;;;;
REA3005;Troms - Romsa - Tromssa ;Senja videregående skole avd Finnfjordbotn;;;;;*;*;*;*;;;;;*;*;*;*;;;;;;;;;;;;;;;;;;;;;;;;
REA3005;Troms - Romsa - Tromssa ;Sjøvegan videregående skole;;;;;*;*;*;*;;;;;*;*;;;;;;;;;;;;;;;;;;;;;;;;;;
REA3005;Troms - Romsa - Tromssa ;Tromsdalen videregående skole;;;;;*;*;*;*;;;;;4,0;6;4,7;7;;;;;;;;;;;;;;;;;;;;;;;;
REA3005;Troms og Finnmark - Romsa ja Finnmárku - Tromssa ja Finmarkku (2020 - 2023);Alle skoler;;;;;4,5;89;4,2;33;;;;;*;*;*;*;;;;;;;;;;;;;;;;;;;;;;;;
REA3005;Troms og Finnmark - Romsa ja Finnmárku - Tromssa ja Finmarkku (2020 - 2023);Alta videregående skole;;;;;*;*;*;*;;;;;*;*;*;*;;;;;;;;;;;;;;;;;;;;;;;;
REA3005;Troms og Finnmark - Romsa ja Finnmárku - Tromssa ja Finmarkku (2020 - 2023);Bardufoss videregående skole;;;;;*;*;*;*;;;;;*;*;;;;;;;;;;;;;;;;;;;;;;;;;;
REA3005;Troms og Finnmark - Romsa ja Finnmárku - Tromssa ja Finmarkku (2020 - 2023);Hammerfest videregående skole;;;;;*;*;*;*;;;;;*;*;*;*;;;;;;;;;;;;;;;;;;;;;;;;
REA3005;Troms og Finnmark - Romsa ja Finnmárku - Tromssa ja Finmarkku (2020 - 2023);Heggen videregående skole;;;;;*;*;*;*;;;;;*;*;*;*;;;;;;;;;;;;;;;;;;;;;;;;
REA3005;Troms og Finnmark - Romsa ja Finnmárku - Tromssa ja Finmarkku (2020 - 2023);Kirkenes videregående skole;;;;;*;*;*;*;;;;;*;*;*;*;;;;;;;;;;;;;;;;;;;;;;;;
REA3005;Troms og Finnmark - Romsa ja Finnmárku - Tromssa ja Finmarkku (2020 - 2023);Kongsbakken videregående skole;;;;;4,8;19;5,0;6;;;;;*;*;*;*;;;;;;;;;;;;;;;;;;;;;;;;
REA3005;Troms og Finnmark - Romsa ja Finnmárku - Tromssa ja Finmarkku (2020 - 2023);Kvaløya videregående skole;;;;;*;*;*;*;;;;;*;*;*;*;;;;;;;;;;;;;;;;;;;;;;;;
REA3005;Troms og Finnmark - Romsa ja Finnmárku - Tromssa ja Finmarkku (2020 - 2023);Lakselv videregående skole;;;;;*;*;;;;;;;;;*;*;;;;;;;;;;;;;;;;;;;;;;;;
REA3005;Troms og Finnmark - Romsa ja Finnmárku - Tromssa ja Finmarkku (2020 - 2023);Longyearbyen skole Grunnskole;;;;;*;*;*;*;;;;;;;*;*;;;;;;;;;;;;;;;;;;;;;;;;
REA3005;Troms og Finnmark - Romsa ja Finnmárku - Tromssa ja Finmarkku (2020 - 2023);Nordkapp videregående skole;;;;;*;*;;;;;;;*;*;*;*;;;;;;;;;;;;;;;;;;;;;;;;
REA3005;Troms og Finnmark - Romsa ja Finnmárku - Tromssa ja Finmarkku (2020 - 2023);Nordkjosbotn videregående skole;;;;;*;*;;;;;;;*;*;;;;;;;;;;;;;;;;;;;;;;;;;;
REA3005;Troms og Finnmark - Romsa ja Finnmárku - Tromssa ja Finmarkku (2020 - 2023);Nord-Troms videregående skole avd Nordreisa;;;;;*;*;*;*;;;;;*;*;*;*;;;;;;;;;;;;;;;;;;;;;;;;
REA3005;Troms og Finnmark - Romsa ja Finnmárku - Tromssa ja Finmarkku (2020 - 2023);Norges Toppidrettsgymnas Tromsø AS;;;;;*;*;*;*;;;;;*;*;*;*;;;;;;;;;;;;;;;;;;;;;;;;
REA3005;Troms og Finnmark - Romsa ja Finnmárku - Tromssa ja Finmarkku (2020 - 2023);Samisk videregående skole Karasjok;;;;;*;*;;;;;;;*;*;*;*;;;;;;;;;;;;;;;;;;;;;;;;
REA3005;Troms og Finnmark - Romsa ja Finnmárku - Tromssa ja Finmarkku (2020 - 2023);Samisk videregående skole og reindriftsskole;;;;;*;*;*;*;;;;;*;*;;;;;;;;;;;;;;;;;;;;;;;;;;
REA3005;Troms og Finnmark - Romsa ja Finnmárku - Tromssa ja Finmarkku (2020 - 2023);Senja videregående skole avd Finnfjordbotn;;;;;*;*;*;*;;;;;*;*;*;*;;;;;;;;;;;;;;;;;;;;;;;;
REA3005;Troms og Finnmark - Romsa ja Finnmárku - Tromssa ja Finmarkku (2020 - 2023);Sjøvegan videregående skole;;;;;*;*;*;*;;;;;*;*;;;;;;;;;;;;;;;;;;;;;;;;;;
REA3005;Troms og Finnmark - Romsa ja Finnmárku - Tromssa ja Finmarkku (2020 - 2023);Tromsdalen videregående skole;;;;;*;*;*;*;;;;;4,0;6;4,7;7;;;;;;;;;;;;;;;;;;;;;;;;
REA3005;Trøndelag - Trööndelage;Alle skoler;;;;;4,5;195;4,5;63;;;;;4,2;161;4,4;67;;;;;;;;;;;;;;;;;;;;;;;;
REA3005;Trøndelag - Trööndelage;Byåsen videregående skole;;;;;*;*;*;*;;;;;*;*;*;*;;;;;;;;;;;;;;;;;;;;;;;;
REA3005;Trøndelag - Trööndelage;Charlottenlund videregående skole;;;;;*;*;*;*;;;;;*;*;*;*;;;;;;;;;;;;;;;;;;;;;;;;
REA3005;Trøndelag - Trööndelage;Fosen videregående skole;;;;;*;*;;;;;;;;;*;*;;;;;;;;;;;;;;;;;;;;;;;;
REA3005;Trøndelag - Trööndelage;Gauldal videregående skole;;;;;*;*;;;;;;;;;*;*;;;;;;;;;;;;;;;;;;;;;;;;
REA3005;Trøndelag - Trööndelage;Grong videregående skole;;;;;*;*;*;*;;;;;*;*;*;*;;;;;;;;;;;;;;;;;;;;;;;;
REA3005;Trøndelag - Trööndelage;Guri Kunna videregående skole avd Hitra;;;;;;;*;*;;;;;*;*;;;;;;;;;;;;;;;;;;;;;;;;;;
REA3005;Trøndelag - Trööndelage;Heimdal videregående skole;;;;;4,6;11;;;;;;;*;*;*;*;;;;;;;;;;;;;;;;;;;;;;;;
REA3005;Trøndelag - Trööndelage;Johan Bojer videregående skole Skolested Leksvik;;;;;*;*;;;;;;;*;*;;;;;;;;;;;;;;;;;;;;;;;;;;
REA3005;Trøndelag - Trööndelage;Johan Bojer videregående skole Skolested Rissa;;;;;*;*;;;;;;;*;*;;;;;;;;;;;;;;;;;;;;;;;;;;
REA3005;Trøndelag - Trööndelage;Kristen videregående skole Trøndelag;;;;;4,3;13;4,3;6;;;;;3,6;19;3,3;8;;;;;;;;;;;;;;;;;;;;;;;;
REA3005;Trøndelag - Trööndelage;Kyrksæterøra videregående skole;;;;;;;*;*;;;;;;;*;*;;;;;;;;;;;;;;;;;;;;;;;;
REA3005;Trøndelag - Trööndelage;Levanger videregående skole;;;;;4,0;13;*;*;;;;;*;*;*;*;;;;;;;;;;;;;;;;;;;;;;;;
REA3005;Trøndelag - Trööndelage;Malvik videregående skole;;;;;*;*;*;*;;;;;*;*;*;*;;;;;;;;;;;;;;;;;;;;;;;;
REA3005;Trøndelag - Trööndelage;Melhus videregående skole;;;;;*;*;*;*;;;;;*;*;*;*;;;;;;;;;;;;;;;;;;;;;;;;
REA3005;Trøndelag - Trööndelage;Meråker videregående skole;;;;;;;;;;;;;*;*;*;*;;;;;;;;;;;;;;;;;;;;;;;;
REA3005;Trøndelag - Trööndelage;Olav Duun videregående skole;;;;;3,6;7;;;;;;;*;*;*;*;;;;;;;;;;;;;;;;;;;;;;;;
REA3005;Trøndelag - Trööndelage;Ole Vig videregående skole;;;;;4,2;6;4,8;12;;;;;*;*;*;*;;;;;;;;;;;;;;;;;;;;;;;;
REA3005;Trøndelag - Trööndelage;Oppdal videregående skole;;;;;*;*;*;*;;;;;*;*;*;*;;;;;;;;;;;;;;;;;;;;;;;;
REA3005;Trøndelag - Trööndelage;Orkdal vidaregåande skole;;;;;*;*;*;*;;;;;*;*;*;*;;;;;;;;;;;;;;;;;;;;;;;;
REA3005;Trøndelag - Trööndelage;Røros videregående skole;;;;;*;*;*;*;;;;;*;*;*;*;;;;;;;;;;;;;;;;;;;;;;;;
REA3005;Trøndelag - Trööndelage;Steinkjer videregående skole;;;;;*;*;;;;;;;*;*;*;*;;;;;;;;;;;;;;;;;;;;;;;;
REA3005;Trøndelag - Trööndelage;Strinda videregående skole;;;;;*;*;*;*;;;;;*;*;*;*;;;;;;;;;;;;;;;;;;;;;;;;
REA3005;Trøndelag - Trööndelage;Thora Storm videregående skole;;;;;5,1;21;*;*;;;;;5,3;19;5,3;11;;;;;;;;;;;;;;;;;;;;;;;;
REA3005;Trøndelag - Trööndelage;Tiller videregående skole;;;;;*;*;*;*;;;;;*;*;;;;;;;;;;;;;;;;;;;;;;;;;;
REA3005;Trøndelag - Trööndelage;Trondheim katedralskole;;;;;5,0;18;4,4;8;;;;;*;*;*;*;;;;;;;;;;;;;;;;;;;;;;;;
REA3005;Trøndelag - Trööndelage;Verdal videregående skole;;;;;*;*;*;*;;;;;*;*;*;*;;;;;;;;;;;;;;;;;;;;;;;;
REA3005;Trøndelag - Trööndelage;Ytre Namdal videregående skole;;;;;*;*;*;*;;;;;;;;;;;;;;;;;;;;;;;;;;;;;;;;
REA3005;Vestfold;Alle skoler;;;;;;;;;;;;;;;;;;;;;;;;;;;;;;;;;;;;;;;;
REA3005;Vestfold;Greveskogen videregående skole;;;;;*;*;*;*;;;;;*;*;*;*;;;;;;;;;;;;;;;;;;;;;;;;
REA3005;Vestfold;Holmestrand videregående skole;;;;;*;*;*;*;;;;;*;*;;;;;;;;;;;;;;;;;;;;;;;;;;
REA3005;Vestfold;Horten videregående skole;;;;;*;*;*;*;;;;;*;*;*;*;;;;;;;;;;;;;;;;;;;;;;;;
REA3005;Vestfold;Nøtterøy videregående skole;;;;;*;*;*;*;;;;;4,3;16;3,5;6;;;;;;;;;;;;;;;;;;;;;;;;
REA3005;Vestfold;Re videregående skole;;;;;*;*;*;*;;;;;5,0;9;4,3;7;;;;;;;;;;;;;;;;;;;;;;;;
REA3005;Vestfold;Sande videregående skole;;;;;*;*;*;*;;;;;3,7;7;*;*;;;;;;;;;;;;;;;;;;;;;;;;
REA3005;Vestfold;Sandefjord videregående skole;;;;;*;*;*;*;;;;;*;*;*;*;;;;;;;;;;;;;;;;;;;;;;;;
REA3005;Vestfold;Thor Heyerdahl videregående skole;;;;;4,1;12;4,1;8;;;;;*;*;*;*;;;;;;;;;;;;;;;;;;;;;;;;
REA3005;Vestfold;Wang Tønsberg AS;;;;;*;*;*;*;;;;;*;*;*;*;;;;;;;;;;;;;;;;;;;;;;;;
REA3005;Vestfold og Telemark (2020 - 2023);Alle skoler;;;;;4,3;142;4,3;66;;;;;4,1;179;4,3;54;;;;;;;;;;;;;;;;;;;;;;;;
REA3005;Vestfold og Telemark (2020 - 2023);Bø vidaregåande skule;;;;;4,4;8;4,6;8;;;;;*;*;*;*;;;;;;;;;;;;;;;;;;;;;;;;
REA3005;Vestfold og Telemark (2020 - 2023);Greveskogen videregående skole;;;;;*;*;*;*;;;;;*;*;*;*;;;;;;;;;;;;;;;;;;;;;;;;
REA3005;Vestfold og Telemark (2020 - 2023);Holmestrand videregående skole;;;;;*;*;*;*;;;;;*;*;;;;;;;;;;;;;;;;;;;;;;;;;;
REA3005;Vestfold og Telemark (2020 - 2023);Horten videregående skole;;;;;*;*;*;*;;;;;*;*;*;*;;;;;;;;;;;;;;;;;;;;;;;;
REA3005;Vestfold og Telemark (2020 - 2023);Notodden videregående skole;;;;;*;*;;;;;;;*;*;*;*;;;;;;;;;;;;;;;;;;;;;;;;
REA3005;Vestfold og Telemark (2020 - 2023);Nøtterøy videregående skole;;;;;*;*;*;*;;;;;4,3;16;3,5;6;;;;;;;;;;;;;;;;;;;;;;;;
REA3005;Vestfold og Telemark (2020 - 2023);Porsgrunn videregående skole;;;;;4,4;10;4,3;7;;;;;*;*;*;*;;;;;;;;;;;;;;;;;;;;;;;;
REA3005;Vestfold og Telemark (2020 - 2023);Re videregående skole;;;;;*;*;*;*;;;;;5,0;9;4,3;7;;;;;;;;;;;;;;;;;;;;;;;;
REA3005;Vestfold og Telemark (2020 - 2023);Rjukan videregående skole;;;;;*;*;*;*;;;;;*;*;*;*;;;;;;;;;;;;;;;;;;;;;;;;
REA3005;Vestfold og Telemark (2020 - 2023);Sande videregående skole;;;;;*;*;*;*;;;;;3,7;7;*;*;;;;;;;;;;;;;;;;;;;;;;;;
REA3005;Vestfold og Telemark (2020 - 2023);Sandefjord videregående skole;;;;;*;*;*;*;;;;;*;*;*;*;;;;;;;;;;;;;;;;;;;;;;;;
REA3005;Vestfold og Telemark (2020 - 2023);Skien videregående skole;;;;;*;*;*;*;;;;;4,2;16;4,8;8;;;;;;;;;;;;;;;;;;;;;;;;
REA3005;Vestfold og Telemark (2020 - 2023);Stiftelsen Telemark Toppidrett gymnas;;;;;*;*;*;*;;;;;*;*;*;*;;;;;;;;;;;;;;;;;;;;;;;;
REA3005;Vestfold og Telemark (2020 - 2023);Thor Heyerdahl videregående skole;;;;;4,1;12;4,1;8;;;;;*;*;*;*;;;;;;;;;;;;;;;;;;;;;;;;
REA3005;Vestfold og Telemark (2020 - 2023);Wang Tønsberg AS;;;;;*;*;*;*;;;;;*;*;*;*;;;;;;;;;;;;;;;;;;;;;;;;
REA3005;Vestland;Alle skoler;;;;;3,9;294;4,1;102;;;;;4,2;272;4,4;104;;;;;;;;;;;;;;;;;;;;;;;;
REA3005;Vestland;Akademiet Vgs Bergen AS;;;;;;;;;;;;;*;*;;;;;;;;;;;;;;;;;;;;;;;;;;
REA3005;Vestland;Amalie Skram videregående skole;;;;;4,5;24;4,5;8;;;;;4,4;29;4,5;11;;;;;;;;;;;;;;;;;;;;;;;;
REA3005;Vestland;Arna vidaregåande skule;;;;;*;*;*;*;;;;;*;*;*;*;;;;;;;;;;;;;;;;;;;;;;;;
REA3005;Vestland;Askøy videregående skole;;;;;*;*;*;*;;;;;*;*;;;;;;;;;;;;;;;;;;;;;;;;;;
REA3005;Vestland;Austrheim vidaregåande skule;;;;;*;*;;;;;;;;;*;*;;;;;;;;;;;;;;;;;;;;;;;;
REA3005;Vestland;Bergen katedralskole;;;;;4,1;17;3,4;9;;;;;4,9;16;5,0;7;;;;;;;;;;;;;;;;;;;;;;;;
REA3005;Vestland;Bergen private gymnas AS;;;;;*;*;*;*;;;;;*;*;4,7;7;;;;;;;;;;;;;;;;;;;;;;;;
REA3005;Vestland;Dale vidaregåande skule;;;;;*;*;*;*;;;;;5,2;6;3,9;9;;;;;;;;;;;;;;;;;;;;;;;;
REA3005;Vestland;Danielsen Intensivgymnas;;;;;*;*;*;*;;;;;;;;;;;;;;;;;;;;;;;;;;;;;;;;
REA3005;Vestland;Danielsen videregående skole;;;;;3,9;21;4,1;7;;;;;*;*;*;*;;;;;;;;;;;;;;;;;;;;;;;;
REA3005;Vestland;Eid vidaregåande skule;;;;;*;*;*;*;;;;;*;*;;;;;;;;;;;;;;;;;;;;;;;;;;
REA3005;Vestland;Firda vidaregåande skule;;;;;*;*;*;*;;;;;*;*;*;*;;;;;;;;;;;;;;;;;;;;;;;;
REA3005;Vestland;Flora vidaregåande skule;;;;;*;*;*;*;;;;;;;;;;;;;;;;;;;;;;;;;;;;;;;;
REA3005;Vestland;Framnes Kristne vidaregåande skule;;;;;*;*;*;*;;;;;*;*;;;;;;;;;;;;;;;;;;;;;;;;;;
REA3005;Vestland;Fyllingsdalen videregående skole;;;;;*;*;*;*;;;;;*;*;*;*;;;;;;;;;;;;;;;;;;;;;;;;
REA3005;Vestland;Hafstad videregående skule;;;;;;;;;;;;;4,2;9;4,8;6;;;;;;;;;;;;;;;;;;;;;;;;
REA3005;Vestland;Høyanger vidaregåande skule;;;;;;;;;;;;;*;*;;;;;;;;;;;;;;;;;;;;;;;;;;
REA3005;Vestland;Knarvik vidaregåande skule;;;;;*;*;*;*;;;;;*;*;*;*;;;;;;;;;;;;;;;;;;;;;;;;
REA3005;Vestland;Kvam vidaregåande skule;;;;;3,5;8;;;;;;;*;*;*;*;;;;;;;;;;;;;;;;;;;;;;;;
REA3005;Vestland;Kvinnherad vidaregåande skule;;;;;*;*;*;*;;;;;;;;;;;;;;;;;;;;;;;;;;;;;;;;
REA3005;Vestland;Langhaugen videregående skole;;;;;*;*;*;*;;;;;*;*;*;*;;;;;;;;;;;;;;;;;;;;;;;;
REA3005;Vestland;Metis videregående AS;;;;;4,2;11;*;*;;;;;*;*;*;*;;;;;;;;;;;;;;;;;;;;;;;;
REA3005;Vestland;Måløy vidaregåande skule;;;;;*;*;*;*;;;;;*;*;;;;;;;;;;;;;;;;;;;;;;;;;;
REA3005;Vestland;Nordahl Grieg videregående skole;;;;;4,5;21;4,7;7;;;;;4,0;24;4,4;7;;;;;;;;;;;;;;;;;;;;;;;;
REA3005;Vestland;Odda vidaregåande skule;;;;;*;*;*;*;;;;;*;*;*;*;;;;;;;;;;;;;;;;;;;;;;;;
REA3005;Vestland;Sandsli videregående skole;;;;;4,1;20;4,7;9;;;;;3,7;22;4,1;8;;;;;;;;;;;;;;;;;;;;;;;;
REA3005;Vestland;Sogndal vidaregåande skule;;;;;*;*;*;*;;;;;*;*;*;*;;;;;;;;;;;;;;;;;;;;;;;;
REA3005;Vestland;Sotra vidaregåande skule;;;;;*;*;*;*;;;;;*;*;*;*;;;;;;;;;;;;;;;;;;;;;;;;
REA3005;Vestland;St. Paul gymnas;;;;;*;*;;;;;;;*;*;*;*;;;;;;;;;;;;;;;;;;;;;;;;
REA3005;Vestland;Stord vidaregåande skule;;;;;*;*;*;*;;;;;*;*;*;*;;;;;;;;;;;;;;;;;;;;;;;;
REA3005;Vestland;Stryn vidaregåande skule;;;;;*;*;*;*;;;;;*;*;*;*;;;;;;;;;;;;;;;;;;;;;;;;
REA3005;Vestland;Sygna Vgs;;;;;*;*;;;;;;;*;*;*;*;;;;;;;;;;;;;;;;;;;;;;;;
REA3005;Vestland;Tertnes vidaregåande skule;;;;;*;*;*;*;;;;;*;*;*;*;;;;;;;;;;;;;;;;;;;;;;;;
REA3005;Vestland;Voss gymnas;;;;;*;*;*;*;;;;;*;*;*;*;;;;;;;;;;;;;;;;;;;;;;;;
REA3005;Vestland;Årdal vidaregåande skule;;;;;*;*;*;*;;;;;*;*;*;*;;;;;;;;;;;;;;;;;;;;;;;;
REA3005;Viken (2020 - 2023);Alle skoler;;;;;4,3;598;4,5;215;;;;;*;*;*;*;;;;;;;;;;;;;;;;;;;;;;;;
REA3005;Viken (2020 - 2023);Akademiet Drammen AS;;;;;4,8;8;*;*;;;;;*;*;*;*;;;;;;;;;;;;;;;;;;;;;;;;
REA3005;Viken (2020 - 2023);Akademiet Ypsilon videregående skole AS;;;;;*;*;*;*;;;;;4,1;8;3,2;6;;;;;;;;;;;;;;;;;;;;;;;;
REA3005;Viken (2020 - 2023);Asker videregående skole;;;;;5,2;13;5,1;10;;;;;*;*;*;*;;;;;;;;;;;;;;;;;;;;;;;;
REA3005;Viken (2020 - 2023);Askim videregående skole;;;;;*;*;*;*;;;;;*;*;;;;;;;;;;;;;;;;;;;;;;;;;;
REA3005;Viken (2020 - 2023);Bjertnes videregående skole;;;;;*;*;*;*;;;;;*;*;*;*;;;;;;;;;;;;;;;;;;;;;;;;
REA3005;Viken (2020 - 2023);Bjørkelangen videregående skole;;;;;*;*;*;*;;;;;*;*;*;*;;;;;;;;;;;;;;;;;;;;;;;;
REA3005;Viken (2020 - 2023);Buskerud videregående skole;;;;;*;*;;;;;;;;;*;*;;;;;;;;;;;;;;;;;;;;;;;;
REA3005;Viken (2020 - 2023);Drammen videregående skole;;;;;4,1;37;*;*;;;;;4,2;21;*;*;;;;;;;;;;;;;;;;;;;;;;;;
REA3005;Viken (2020 - 2023);Eidsvoll videregående skole;;;;;*;*;*;*;;;;;*;*;*;*;;;;;;;;;;;;;;;;;;;;;;;;
REA3005;Viken (2020 - 2023);Eikeli videregående skole;;;;;*;*;*;*;;;;;*;*;*;*;;;;;;;;;;;;;;;;;;;;;;;;
REA3005;Viken (2020 - 2023);Eiker videregående skole;;;;;*;*;*;*;;;;;4,2;10;3,7;7;;;;;;;;;;;;;;;;;;;;;;;;
REA3005;Viken (2020 - 2023);Frederik Ii videregående skole;;;;;*;*;*;*;;;;;*;*;*;*;;;;;;;;;;;;;;;;;;;;;;;;
REA3005;Viken (2020 - 2023);Frogn videregående skole;;;;;*;*;*;*;;;;;*;*;*;*;;;;;;;;;;;;;;;;;;;;;;;;
REA3005;Viken (2020 - 2023);Gol vidaregåande skule;;;;;*;*;*;*;;;;;*;*;*;*;;;;;;;;;;;;;;;;;;;;;;;;
REA3005;Viken (2020 - 2023);Greåker videregående skole;;;;;*;*;*;*;;;;;4,7;6;*;*;;;;;;;;;;;;;;;;;;;;;;;;
REA3005;Viken (2020 - 2023);Halden videregående skole;;;;;*;*;*;*;;;;;*;*;*;*;;;;;;;;;;;;;;;;;;;;;;;;
REA3005;Viken (2020 - 2023);Hans Nielsen Hauge videregående skole;;;;;*;*;;;;;;;*;*;*;*;;;;;;;;;;;;;;;;;;;;;;;;
REA3005;Viken (2020 - 2023);Hoppensprett Akademiet Vgs Jessheim AS;;;;;*;*;;;;;;;*;*;*;*;;;;;;;;;;;;;;;;;;;;;;;;
REA3005;Viken (2020 - 2023);Jessheim videregående skole;;;;;*;*;*;*;;;;;4,8;9;3,8;9;;;;;;;;;;;;;;;;;;;;;;;;
REA3005;Viken (2020 - 2023);Kirkeparken videregående skole;;;;;*;*;*;*;;;;;*;*;*;*;;;;;;;;;;;;;;;;;;;;;;;;
REA3005;Viken (2020 - 2023);Kongsberg videregående skole;;;;;*;*;*;*;;;;;*;*;*;*;;;;;;;;;;;;;;;;;;;;;;;;
REA3005;Viken (2020 - 2023);Lillestrøm videregående skole;;;;;5,1;18;5,3;8;;;;;4,0;23;4,1;7;;;;;;;;;;;;;;;;;;;;;;;;
REA3005;Viken (2020 - 2023);Lørenskog videregående skole;;;;;4,6;12;*;*;;;;;4,5;20;4,5;10;;;;;;;;;;;;;;;;;;;;;;;;
REA3005;Viken (2020 - 2023);Mailand videregående skole;;;;;3,8;8;3,1;7;;;;;*;*;*;*;;;;;;;;;;;;;;;;;;;;;;;;
REA3005;Viken (2020 - 2023);Malakoff videregående skole;;;;;2,3;6;3,9;7;;;;;*;*;*;*;;;;;;;;;;;;;;;;;;;;;;;;
REA3005;Viken (2020 - 2023);Mysen videregående skole;;;;;*;*;;;;;;;*;*;*;*;;;;;;;;;;;;;;;;;;;;;;;;
REA3005;Viken (2020 - 2023);Nadderud videregående skole;;;;;*;*;*;*;;;;;*;*;*;*;;;;;;;;;;;;;;;;;;;;;;;;
REA3005;Viken (2020 - 2023);Nannestad videregående skole;;;;;4,5;10;4,7;6;;;;;*;*;*;*;;;;;;;;;;;;;;;;;;;;;;;;
REA3005;Viken (2020 - 2023);Nes videregående skole;;;;;*;*;*;*;;;;;;;;;;;;;;;;;;;;;;;;;;;;;;;;
REA3005;Viken (2020 - 2023);Nesbru videregående skole;;;;;*;*;;;;;;;*;*;4,0;6;;;;;;;;;;;;;;;;;;;;;;;;
REA3005;Viken (2020 - 2023);Nesodden videregående skole;;;;;*;*;*;*;;;;;3,8;16;3,6;9;;;;;;;;;;;;;;;;;;;;;;;;
REA3005;Viken (2020 - 2023);Norges Realfagsgymnas Sandvika AS;;;;;*;*;*;*;;;;;*;*;;;;;;;;;;;;;;;;;;;;;;;;;;
REA3005;Viken (2020 - 2023);Norges Toppidrettsgymnas Bærum AS;;;;;*;*;*;*;;;;;3,6;25;3,9;16;;;;;;;;;;;;;;;;;;;;;;;;
REA3005;Viken (2020 - 2023);Norges Toppidrettsgymnas Geilo AS;;;;;*;*;*;*;;;;;*;*;*;*;;;;;;;;;;;;;;;;;;;;;;;;
REA3005;Viken (2020 - 2023);Numedal videregående skole;;;;;*;*;*;*;;;;;*;*;;;;;;;;;;;;;;;;;;;;;;;;;;
REA3005;Viken (2020 - 2023);Ringerike videregående skole;;;;;*;*;*;*;;;;;3,7;9;4,8;6;;;;;;;;;;;;;;;;;;;;;;;;
REA3005;Viken (2020 - 2023);Roald Amundsen videregående skole;;;;;*;*;*;*;;;;;*;*;*;*;;;;;;;;;;;;;;;;;;;;;;;;
REA3005;Viken (2020 - 2023);Rosenvilde videregående skole;;;;;*;*;*;*;;;;;4,3;11;*;*;;;;;;;;;;;;;;;;;;;;;;;;
REA3005;Viken (2020 - 2023);Rælingen videregående skole;;;;;2,9;7;;;;;;;*;*;*;*;;;;;;;;;;;;;;;;;;;;;;;;
REA3005;Viken (2020 - 2023);Røyken videregående skole;;;;;*;*;*;*;;;;;*;*;*;*;;;;;;;;;;;;;;;;;;;;;;;;
REA3005;Viken (2020 - 2023);Sandvika videregående skole;;;;;4,4;25;4,7;18;;;;;4,1;28;3,2;9;;;;;;;;;;;;;;;;;;;;;;;;
REA3005;Viken (2020 - 2023);Skedsmo videregående skole;;;;;3,8;14;;;;;;;*;*;*;*;;;;;;;;;;;;;;;;;;;;;;;;
REA3005;Viken (2020 - 2023);Ski videregående skole;;;;;*;*;*;*;;;;;*;*;*;*;;;;;;;;;;;;;;;;;;;;;;;;
REA3005;Viken (2020 - 2023);St Hallvard videregående skole;;;;;*;*;*;*;;;;;*;*;*;*;;;;;;;;;;;;;;;;;;;;;;;;
REA3005;Viken (2020 - 2023);St. Olav videregående skole;;;;;*;*;*;*;;;;;*;*;*;*;;;;;;;;;;;;;;;;;;;;;;;;
REA3005;Viken (2020 - 2023);Stabekk videregående skole;;;;;*;*;*;*;;;;;*;*;*;*;;;;;;;;;;;;;;;;;;;;;;;;
REA3005;Viken (2020 - 2023);Sørumsand videregående skole;;;;;4,6;7;;;;;;;*;*;;;;;;;;;;;;;;;;;;;;;;;;;;
REA3005;Viken (2020 - 2023);Tyrifjord videregående skole;;;;;;;*;*;;;;;*;*;*;*;;;;;;;;;;;;;;;;;;;;;;;;
REA3005;Viken (2020 - 2023);Valler videregående skole;;;;;4,5;43;4,7;14;;;;;4,8;23;4,8;23;;;;;;;;;;;;;;;;;;;;;;;;
REA3005;Viken (2020 - 2023);Vestby videregående skole;;;;;*;*;*;*;;;;;*;*;*;*;;;;;;;;;;;;;;;;;;;;;;;;
REA3005;Viken (2020 - 2023);Wang Fredrikstad AS;;;;;*;*;*;*;;;;;*;*;*;*;;;;;;;;;;;;;;;;;;;;;;;;
REA3005;Viken (2020 - 2023);Ås videregående skole;;;;;*;*;*;*;;;;;*;*;*;*;;;;;;;;;;;;;;;;;;;;;;;;
REA3005;Østfold;Alle skoler;;;;;;;;;;;;;;;;;;;;;;;;;;;;;;;;;;;;;;;;
REA3005;Østfold;Askim videregående skole;;;;;*;*;*;*;;;;;*;*;;;;;;;;;;;;;;;;;;;;;;;;;;
REA3005;Østfold;Frederik Ii videregående skole;;;;;*;*;*;*;;;;;*;*;*;*;;;;;;;;;;;;;;;;;;;;;;;;
REA3005;Østfold;Greåker videregående skole;;;;;*;*;*;*;;;;;4,7;6;*;*;;;;;;;;;;;;;;;;;;;;;;;;
REA3005;Østfold;Halden videregående skole;;;;;*;*;*;*;;;;;*;*;*;*;;;;;;;;;;;;;;;;;;;;;;;;
REA3005;Østfold;Hans Nielsen Hauge videregående skole;;;;;*;*;;;;;;;*;*;*;*;;;;;;;;;;;;;;;;;;;;;;;;
REA3005;Østfold;Kirkeparken videregående skole;;;;;*;*;*;*;;;;;*;*;*;*;;;;;;;;;;;;;;;;;;;;;;;;
REA3005;Østfold;Malakoff videregående skole;;;;;2,3;6;3,9;7;;;;;*;*;*;*;;;;;;;;;;;;;;;;;;;;;;;;
REA3005;Østfold;Mysen videregående skole;;;;;*;*;;;;;;;*;*;*;*;;;;;;;;;;;;;;;;;;;;;;;;
REA3005;Østfold;St. Olav videregående skole;;;;;*;*;*;*;;;;;*;*;*;*;;;;;;;;;;;;;;;;;;;;;;;;
REA3005;Østfold;Wang Fredrikstad AS;;;;;*;*;*;*;;;;;*;*;*;*;;;;;;;;;;;;;;;;;;;;;;;;
REA3005;Alle fylker;Alle skoler;;;;;;;*;*;;;;;;;;;;;;;;;;;;;;;;;;;;;;;;;;
REA3005;Utlandet;Alle skoler;;;;;;;*;*;;;;;;;;;;;;;;;;;;;;;;;;;;;;;;;;
REA3005;Utlandet;Den norske skole - Gran Canaria;;;;;;;*;*;;;;;;;;;;;;;;;;;;;;;;;;;;;;;;;;
REA3022;Alle fylker;Alle skoler;*;*;3,3;13;4,2;3 829;4,4;3 295;;;;;*;*;4,0;7;;;;;;;;;;;;;;;;;;;;;;;;
REA3022;Alle fylker;Alle skoler;*;*;3,3;13;4,2;3 829;4,4;3 295;;;;;*;*;4,0;7;;;;;;;;;;;;;;;;;;;;;;;;
REA3022;Agder;Alle skoler;;;;;4,2;193;4,4;174;;;;;;;;;;;;;;;;;;;;;;;;;;;;;;;;
REA3022;Agder;Akademiet Kristiansand AS;;;;;;;*;*;;;;;;;;;;;;;;;;;;;;;;;;;;;;;;;;
REA3022;Agder;Arendal videregående skole avd Tyholmen;;;;;4,4;25;*;*;;;;;;;;;;;;;;;;;;;;;;;;;;;;;;;;
REA3022;Agder;Dahlske videregående skole;;;;;4,3;11;3,4;7;;;;;;;;;;;;;;;;;;;;;;;;;;;;;;;;
REA3022;Agder;Drottningborg Vgs AS;;;;;*;*;*;*;;;;;;;;;;;;;;;;;;;;;;;;;;;;;;;;
REA3022;Agder;Eilert Sundt videregående skole Studiested Farsund;;;;;*;*;*;*;;;;;;;;;;;;;;;;;;;;;;;;;;;;;;;;
REA3022;Agder;Flekkefjord videregående skole Studiested Flekkefjord;;;;;*;*;*;*;;;;;;;;;;;;;;;;;;;;;;;;;;;;;;;;
REA3022;Agder;Kristiansand katedralskole Gimle;;;;;*;*;*;*;;;;;;;;;;;;;;;;;;;;;;;;;;;;;;;;
REA3022;Agder;Kvs-Lyngdal AS;;;;;*;*;*;*;;;;;;;;;;;;;;;;;;;;;;;;;;;;;;;;
REA3022;Agder;Lillesand videregående skole;;;;;4,3;12;*;*;;;;;;;;;;;;;;;;;;;;;;;;;;;;;;;;
REA3022;Agder;Mandal videregående skole;;;;;*;*;*;*;;;;;;;;;;;;;;;;;;;;;;;;;;;;;;;;
REA3022;Agder;Risør videregående skole;;;;;3,7;6;*;*;;;;;;;;;;;;;;;;;;;;;;;;;;;;;;;;
REA3022;Agder;Setesdal vidaregåande skule;;;;;3,9;14;4,4;16;;;;;;;;;;;;;;;;;;;;;;;;;;;;;;;;
REA3022;Agder;Tangen videregående skole;;;;;*;*;*;*;;;;;;;;;;;;;;;;;;;;;;;;;;;;;;;;
REA3022;Agder;Tvedestrand videregående skole;;;;;*;*;*;*;;;;;;;;;;;;;;;;;;;;;;;;;;;;;;;;
REA3022;Agder;Vennesla videregående skole;;;;;*;*;*;*;;;;;;;;;;;;;;;;;;;;;;;;;;;;;;;;
REA3022;Agder;Vågsbygd videregående skole;;;;;*;*;*;*;;;;;;;;;;;;;;;;;;;;;;;;;;;;;;;;
REA3022;Akershus;Alle skoler;;;;;;;;;;;;;;;;;;;;;;;;;;;;;;;;;;;;;;;;
REA3022;Akershus;Asker videregående skole;;;;;*;*;*;*;;;;;;;;;;;;;;;;;;;;;;;;;;;;;;;;
REA3022;Akershus;Bjertnes videregående skole;;;;;4,4;15;4,6;8;;;;;;;;;;;;;;;;;;;;;;;;;;;;;;;;
REA3022;Akershus;Bjørkelangen videregående skole;;;;;4,4;15;*;*;;;;;;;;;;;;;;;;;;;;;;;;;;;;;;;;
REA3022;Akershus;Dønski videregående skole;;;;;*;*;*;*;;;;;;;;;;;;;;;;;;;;;;;;;;;;;;;;
REA3022;Akershus;Eidsvoll videregående skole;;;;;*;*;*;*;;;;;;;;;;;;;;;;;;;;;;;;;;;;;;;;
REA3022;Akershus;Eikeli videregående skole;;;;;*;*;*;*;;;;;;;;;;;;;;;;;;;;;;;;;;;;;;;;
REA3022;Akershus;Frogn videregående skole;;;;;*;*;*;*;;;;;;;;;;;;;;;;;;;;;;;;;;;;;;;;
REA3022;Akershus;Hoppensprett Akademiet Vgs Jessheim AS;;;;;*;*;;;;;;;;;;;;;;;;;;;;;;;;;;;;;;;;;;
REA3022;Akershus;Jessheim videregående skole;*;*;*;*;3,8;21;4,3;31;;;;;;;;;;;;;;;;;;;;;;;;;;;;;;;;
REA3022;Akershus;Lillestrøm videregående skole;;;;;*;*;4,5;41;;;;;;;;;;;;;;;;;;;;;;;;;;;;;;;;
REA3022;Akershus;Lørenskog videregående skole;;;*;*;*;*;*;*;;;;;;;;;;;;;;;;;;;;;;;;;;;;;;;;
REA3022;Akershus;Mailand videregående skole;;;;;3,7;27;4,4;18;;;;;;;;;;;;;;;;;;;;;;;;;;;;;;;;
REA3022;Akershus;Nadderud videregående skole;;;;;*;*;*;*;;;;;;;;;;;;;;;;;;;;;;;;;;;;;;;;
REA3022;Akershus;Nannestad videregående skole;;;;;4,1;10;4,2;6;;;;;;;;;;;;;;;;;;;;;;;;;;;;;;;;
REA3022;Akershus;Nes videregående skole;;;;;*;*;*;*;;;;;;;;;;;;;;;;;;;;;;;;;;;;;;;;
REA3022;Akershus;Nesbru videregående skole;;;;;3,8;8;4,7;6;;;;;*;*;;;;;;;;;;;;;;;;;;;;;;;;;;
REA3022;Akershus;Nesodden videregående skole;;;;;3,8;25;4,3;19;;;;;;;;;;;;;;;;;;;;;;;;;;;;;;;;
REA3022;Akershus;Norges Realfagsgymnas Sandvika AS;;;;;*;*;*;*;;;;;;;;;;;;;;;;;;;;;;;;;;;;;;;;
REA3022;Akershus;Norges Toppidrettsgymnas Bærum AS;;;;;4,0;28;4,5;23;;;;;;;;;;;;;;;;;;;;;;;;;;;;;;;;
REA3022;Akershus;Roald Amundsen videregående skole;;;;;*;*;*;*;;;;;;;;;;;;;;;;;;;;;;;;;;;;;;;;
REA3022;Akershus;Rosenvilde videregående skole;;;;;*;*;*;*;;;;;;;;;;;;;;;;;;;;;;;;;;;;;;;;
REA3022;Akershus;Rælingen videregående skole;;;;;*;*;*;*;;;;;;;;;;;;;;;;;;;;;;;;;;;;;;;;
REA3022;Akershus;Røyken videregående skole;;;;;3,7;7;*;*;;;;;;;;;;;;;;;;;;;;;;;;;;;;;;;;
REA3022;Akershus;Sandvika videregående skole;;;;;*;*;4,4;17;;;;;;;;;;;;;;;;;;;;;;;;;;;;;;;;
REA3022;Akershus;Skedsmo videregående skole;;;;;4,8;13;4,4;7;;;;;;;;;;;;;;;;;;;;;;;;;;;;;;;;
REA3022;Akershus;Ski videregående skole;*;*;;;4,6;17;4,8;27;;;;;;;;;;;;;;;;;;;;;;;;;;;;;;;;
REA3022;Akershus;Stabekk videregående skole;*;*;*;*;*;*;*;*;;;;;;;;;;;;;;;;;;;;;;;;;;;;;;;;
REA3022;Akershus;Sørumsand videregående skole;;;;;4,1;14;4,9;8;;;;;;;;;;;;;;;;;;;;;;;;;;;;;;;;
REA3022;Akershus;Valler videregående skole;;;;;5,1;36;4,9;55;;;;;;;;;;;;;;;;;;;;;;;;;;;;;;;;
REA3022;Akershus;Vestby videregående skole;;;;;*;*;*;*;;;;;;;;;;;;;;;;;;;;;;;;;;;;;;;;
REA3022;Akershus;Wang Romerike AS;;;;;*;*;*;*;;;;;;;;;;;;;;;;;;;;;;;;;;;;;;;;
REA3022;Akershus;Ås videregående skole;;;;;*;*;*;*;;;;;;;;;;;;;;;;;;;;;;;;;;;;;;;;
REA3022;Buskerud;Alle skoler;;;;;;;;;;;;;;;;;;;;;;;;;;;;;;;;;;;;;;;;
REA3022;Buskerud;Akademiet Drammen AS;;;;;*;*;*;*;;;;;;;;;;;;;;;;;;;;;;;;;;;;;;;;
REA3022;Buskerud;Akademiet Vgs Bragernes Drammen AS;;;;;*;*;*;*;;;;;;;;;;;;;;;;;;;;;;;;;;;;;;;;
REA3022;Buskerud;Akademiet Ypsilon videregående skole AS;;;;;3,6;7;4,2;10;;;;;;;;;;;;;;;;;;;;;;;;;;;;;;;;
REA3022;Buskerud;Buskerud videregående skole;;;;;*;*;4,7;7;;;;;;;;;;;;;;;;;;;;;;;;;;;;;;;;
REA3022;Buskerud;Drammen videregående skole;*;*;*;*;3,8;39;*;*;;;;;;;;;;;;;;;;;;;;;;;;;;;;;;;;
REA3022;Buskerud;Eiker videregående skole;;;;;4,0;15;3,6;8;;;;;;;;;;;;;;;;;;;;;;;;;;;;;;;;
REA3022;Buskerud;Gol vidaregåande skule;;;;;*;*;*;*;;;;;;;;;;;;;;;;;;;;;;;;;;;;;;;;
REA3022;Buskerud;Kongsberg videregående skole;*;*;*;*;4,0;25;3,6;12;;;;;;;;;;;;;;;;;;;;;;;;;;;;;;;;
REA3022;Buskerud;Norges Toppidrettsgymnas Geilo AS;;;;;*;*;*;*;;;;;;;;;;;;;;;;;;;;;;;;;;;;;;;;
REA3022;Buskerud;Numedal videregående skole;;;;;*;*;*;*;;;;;;;;;;;;;;;;;;;;;;;;;;;;;;;;
REA3022;Buskerud;Ringerike videregående skole;;;*;*;*;*;*;*;;;;;;;;;;;;;;;;;;;;;;;;;;;;;;;;
REA3022;Buskerud;St Hallvard videregående skole;;;;;4,7;13;4,8;14;;;;;;;;;;;;;;;;;;;;;;;;;;;;;;;;
REA3022;Buskerud;Tyrifjord videregående skole;;;;;5,3;7;*;*;;;;;;;;;;;;;;;;;;;;;;;;;;;;;;;;
REA3022;Finnmark - Finnmárku - Finmarkku;Alle skoler;;;;;;;;;;;;;;;;;;;;;;;;;;;;;;;;;;;;;;;;
REA3022;Finnmark - Finnmárku - Finmarkku;Alta videregående skole;;;;;4,1;11;4,5;12;;;;;;;;;;;;;;;;;;;;;;;;;;;;;;;;
REA3022;Finnmark - Finnmárku - Finmarkku;Hammerfest videregående skole;;;;;*;*;*;*;;;;;;;;;;;;;;;;;;;;;;;;;;;;;;;;
REA3022;Finnmark - Finnmárku - Finmarkku;Kirkenes videregående skole;;;;;3,4;12;4,1;8;;;;;;;;;;;;;;;;;;;;;;;;;;;;;;;;
REA3022;Finnmark - Finnmárku - Finmarkku;Lakselv videregående skole;;;;;;;*;*;;;;;;;;;;;;;;;;;;;;;;;;;;;;;;;;
REA3022;Finnmark - Finnmárku - Finmarkku;Nordkapp videregående skole;;;;;*;*;*;*;;;;;;;;;;;;;;;;;;;;;;;;;;;;;;;;
REA3022;Finnmark - Finnmárku - Finmarkku;Samisk videregående skole Karasjok;;;;;*;*;*;*;;;;;;;;;;;;;;;;;;;;;;;;;;;;;;;;
REA3022;Finnmark - Finnmárku - Finmarkku;Samisk videregående skole og reindriftsskole;;;;;*;*;;;;;;;;;;;;;;;;;;;;;;;;;;;;;;;;;;
REA3022;Finnmark - Finnmárku - Finmarkku;Tana videregående skole;;;;;;;*;*;;;;;;;;;;;;;;;;;;;;;;;;;;;;;;;;
REA3022;Finnmark - Finnmárku - Finmarkku;Vadsø videregående skole;;;;;*;*;*;*;;;;;;;;;;;;;;;;;;;;;;;;;;;;;;;;
REA3022;Innlandet;Alle skoler;;;;;4,2;226;4,5;216;;;;;;;;;;;;;;;;;;;;;;;;;;;;;;;;
REA3022;Innlandet;Elverum videregående skole;;;;;*;*;*;*;;;;;;;;;;;;;;;;;;;;;;;;;;;;;;;;
REA3022;Innlandet;Gausdal videregående skole;;;;;*;*;*;*;;;;;;;;;;;;;;;;;;;;;;;;;;;;;;;;
REA3022;Innlandet;Gjøvik videregående skole;;;;;*;*;*;*;;;;;;;;;;;;;;;;;;;;;;;;;;;;;;;;
REA3022;Innlandet;Hadeland videregående skole;;;;;*;*;*;*;;;;;;;;;;;;;;;;;;;;;;;;;;;;;;;;
REA3022;Innlandet;Hamar katedralskole;;;;;*;*;*;*;;;;;;;;;;;;;;;;;;;;;;;;;;;;;;;;
REA3022;Innlandet;Lena-Valle videregående skole avd Lena;;;;;;;4,3;7;;;;;;;;;;;;;;;;;;;;;;;;;;;;;;;;
REA3022;Innlandet;Lillehammer videregående skole avd Sør;;;;;3,9;29;4,0;27;;;;;;;;;;;;;;;;;;;;;;;;;;;;;;;;
REA3022;Innlandet;Nord-Gudbrandsdal vidaregåande skule;;;;;*;*;*;*;;;;;;;;;;;;;;;;;;;;;;;;;;;;;;;;
REA3022;Innlandet;Nord-Gudbrandsdal Videregåande skule Avd Dombås;;;;;*;*;*;*;;;;;;;;;;;;;;;;;;;;;;;;;;;;;;;;
REA3022;Innlandet;Nord-Gudbrandsdal Videregåande skule avd Lom (Nedlagt);;;;;*;*;*;*;;;;;;;;;;;;;;;;;;;;;;;;;;;;;;;;
REA3022;Innlandet;Nord-Østerdal videregående skole;;;;;*;*;*;*;;;;;;;;;;;;;;;;;;;;;;;;;;;;;;;;
REA3022;Innlandet;Norges Toppidrettsgymnas Kongsvinger AS;;;;;3,8;13;4,2;13;;;;;;;;;;;;;;;;;;;;;;;;;;;;;;;;
REA3022;Innlandet;Norges Toppidrettsgymnas Lillehammer AS;;;;;4,5;17;4,7;7;;;;;;;;;;;;;;;;;;;;;;;;;;;;;;;;
REA3022;Innlandet;Raufoss videregående skole avd Dokka;;;;;*;*;*;*;;;;;;;;;;;;;;;;;;;;;;;;;;;;;;;;
REA3022;Innlandet;Ringsaker videregående skole;;;;;4,2;10;*;*;;;;;;;;;;;;;;;;;;;;;;;;;;;;;;;;
REA3022;Innlandet;Sentrum videregående skole avd Skarnes;;;;;*;*;*;*;;;;;;;;;;;;;;;;;;;;;;;;;;;;;;;;
REA3022;Innlandet;Solør videregående skole;;;;;*;*;*;*;;;;;;;;;;;;;;;;;;;;;;;;;;;;;;;;
REA3022;Innlandet;Stange videregående skole;;;;;*;*;*;*;;;;;;;;;;;;;;;;;;;;;;;;;;;;;;;;
REA3022;Innlandet;Trysil videregående skole;;;;;*;*;5,0;6;;;;;;;;;;;;;;;;;;;;;;;;;;;;;;;;
REA3022;Innlandet;Valdres vidaregåande skule;;;;;*;*;*;*;;;;;;;;;;;;;;;;;;;;;;;;;;;;;;;;
REA3022;Innlandet;Vinstra vidaregåande skule;;;;;*;*;*;*;;;;;;;;;;;;;;;;;;;;;;;;;;;;;;;;
REA3022;Innlandet;Wang Hamar AS;;;;;4,3;17;4,7;10;;;;;;;;;;;;;;;;;;;;;;;;;;;;;;;;
REA3022;Innlandet;Øvrebyen videregående skole;;;;;*;*;*;*;;;;;;;;;;;;;;;;;;;;;;;;;;;;;;;;
REA3022;Møre og Romsdal;Alle skoler;;;;;4,1;170;4,5;119;;;;;;;;;;;;;;;;;;;;;;;;;;;;;;;;
REA3022;Møre og Romsdal;Akademiet Vgs Møre AS;;;;;*;*;*;*;;;;;;;;;;;;;;;;;;;;;;;;;;;;;;;;
REA3022;Møre og Romsdal;Akademiet Vgs Ålesund AS;;;;;*;*;*;*;;;;;;;;;;;;;;;;;;;;;;;;;;;;;;;;
REA3022;Møre og Romsdal;Atlanten videregående skole;;;;;*;*;*;*;;;;;;;;;;;;;;;;;;;;;;;;;;;;;;;;
REA3022;Møre og Romsdal;Haram vidaregåande skule;;;;;*;*;*;*;;;;;;;;;;;;;;;;;;;;;;;;;;;;;;;;
REA3022;Møre og Romsdal;Hustadvika vidaregåande skole;;;;;*;*;*;*;;;;;;;;;;;;;;;;;;;;;;;;;;;;;;;;
REA3022;Møre og Romsdal;Molde videregående skole;;;;;4,0;25;*;*;;;;;;;;;;;;;;;;;;;;;;;;;;;;;;;;
REA3022;Møre og Romsdal;Rauma videregående skole;;;;;4,2;6;5,3;6;;;;;;;;;;;;;;;;;;;;;;;;;;;;;;;;
REA3022;Møre og Romsdal;Spjelkavik videregående skole;;;;;4,3;20;4,3;12;;;;;;;;;;;;;;;;;;;;;;;;;;;;;;;;
REA3022;Møre og Romsdal;Stranda vidaregåande skule;;;;;*;*;*;*;;;;;;;;;;;;;;;;;;;;;;;;;;;;;;;;
REA3022;Møre og Romsdal;Sunndal vidaregåande skole;;;;;4,1;12;3,8;11;;;;;;;;;;;;;;;;;;;;;;;;;;;;;;;;
REA3022;Møre og Romsdal;Surnadal vidaregåande skule;;;;;5,0;7;4,9;8;;;;;;;;;;;;;;;;;;;;;;;;;;;;;;;;
REA3022;Møre og Romsdal;Sykkylven vidaregåande skule;;;;;*;*;*;*;;;;;;;;;;;;;;;;;;;;;;;;;;;;;;;;
REA3022;Møre og Romsdal;Tingvoll vidaregåande skole;;;;;;;*;*;;;;;;;;;;;;;;;;;;;;;;;;;;;;;;;;
REA3022;Møre og Romsdal;Ulstein vidaregåande skule;;;;;*;*;*;*;;;;;;;;;;;;;;;;;;;;;;;;;;;;;;;;
REA3022;Møre og Romsdal;Vestborg Vgs;;;;;*;*;*;*;;;;;;;;;;;;;;;;;;;;;;;;;;;;;;;;
REA3022;Møre og Romsdal;Volda vidaregåande skule;;;;;*;*;*;*;;;;;;;;;;;;;;;;;;;;;;;;;;;;;;;;
REA3022;Møre og Romsdal;Ålesund videregående skole;;;;;*;*;*;*;;;;;;;;;;;;;;;;;;;;;;;;;;;;;;;;
REA3022;Møre og Romsdal;Ålesund videregående skole Lokalitet Volsdalsberga;;;;;*;*;*;*;;;;;;;;;;;;;;;;;;;;;;;;;;;;;;;;
REA3022;Nordland - Nordlánnda;Alle skoler;;;;;4,1;117;4,2;110;;;;;;;;;;;;;;;;;;;;;;;;;;;;;;;;
REA3022;Nordland - Nordlánnda;Andøy videregående skole;;;;;*;*;*;*;;;;;;;;;;;;;;;;;;;;;;;;;;;;;;;;
REA3022;Nordland - Nordlánnda;Aust-Lofoten videregående skole;;;;;4,0;6;4,6;8;;;;;;;;;;;;;;;;;;;;;;;;;;;;;;;;
REA3022;Nordland - Nordlánnda;Bodin videregående skole;;;;;*;*;*;*;;;;;;;;;;;;;;;;;;;;;;;;;;;;;;;;
REA3022;Nordland - Nordlánnda;Bodø videregående skole;;;;;*;*;*;*;;;;;;;;;;;;;;;;;;;;;;;;;;;;;;;;
REA3022;Nordland - Nordlánnda;Brønnøysund videregående skole;;;;;*;*;4,1;9;;;;;;;;;;;;;;;;;;;;;;;;;;;;;;;;
REA3022;Nordland - Nordlánnda;Fauske videregående skole;;;;;*;*;3,8;10;;;;;;;;;;;;;;;;;;;;;;;;;;;;;;;;
REA3022;Nordland - Nordlánnda;Hadsel videregående skole;;;;;4,4;7;3,2;6;;;;;;;;;;;;;;;;;;;;;;;;;;;;;;;;
REA3022;Nordland - Nordlánnda;Kristen videregående skole Nordland Sti;;;;;*;*;*;*;;;;;;;;;;;;;;;;;;;;;;;;;;;;;;;;
REA3022;Nordland - Nordlánnda;Meløy videregående skole;;;;;*;*;*;*;;;;;;;;;;;;;;;;;;;;;;;;;;;;;;;;
REA3022;Nordland - Nordlánnda;Mosjøen videregående skole;;;;;*;*;*;*;;;;;;;;;;;;;;;;;;;;;;;;;;;;;;;;
REA3022;Nordland - Nordlánnda;Narvik videregående skole;;;;;3,7;12;4,6;8;;;;;;;;;;;;;;;;;;;;;;;;;;;;;;;;
REA3022;Nordland - Nordlánnda;Norges Toppidrettsgymnas Bodø AS;;;;;*;*;*;*;;;;;;;;;;;;;;;;;;;;;;;;;;;;;;;;
REA3022;Nordland - Nordlánnda;Polarsirkelen videregående skole;;;;;*;*;*;*;;;;;;;;;;;;;;;;;;;;;;;;;;;;;;;;
REA3022;Nordland - Nordlánnda;Saltdal videregående skole;;;;;*;*;*;*;;;;;;;;;;;;;;;;;;;;;;;;;;;;;;;;
REA3022;Nordland - Nordlánnda;Sandnessjøen videregående skole;;;;;*;*;*;*;;;;;;;;;;;;;;;;;;;;;;;;;;;;;;;;
REA3022;Nordland - Nordlánnda;Sortland videregående skole avd Sortland;;;;;*;*;*;*;;;;;;;;;;;;;;;;;;;;;;;;;;;;;;;;
REA3022;Nordland - Nordlánnda;Vest-Lofoten videregående skole;;;;;*;*;*;*;;;;;;;;;;;;;;;;;;;;;;;;;;;;;;;;
REA3022;Oslo;Alle skoler;;;;;4,3;617;4,6;488;;;;;*;*;;;;;;;;;;;;;;;;;;;;;;;;;;
REA3022;Oslo;Akademiet Oslo AS;;;;;*;*;4,3;9;;;;;;;;;;;;;;;;;;;;;;;;;;;;;;;;
REA3022;Oslo;Akademiet Vgs Bislett AS;;;;;*;*;*;*;;;;;;;;;;;;;;;;;;;;;;;;;;;;;;;;
REA3022;Oslo;Bjerke videregående skole;;;;;*;*;*;*;;;;;;;;;;;;;;;;;;;;;;;;;;;;;;;;
REA3022;Oslo;Bjørnholt videregående skole;;;;;*;*;*;*;;;;;;;;;;;;;;;;;;;;;;;;;;;;;;;;
REA3022;Oslo;Blindern videregående skole;;;;;4,0;27;4,5;14;;;;;;;;;;;;;;;;;;;;;;;;;;;;;;;;
REA3022;Oslo;Edvard Munch videregående skole;;;;;4,2;13;4,4;32;;;;;;;;;;;;;;;;;;;;;;;;;;;;;;;;
REA3022;Oslo;Elvebakken videregående skole;;;;;4,9;51;4,8;65;;;;;;;;;;;;;;;;;;;;;;;;;;;;;;;;
REA3022;Oslo;Foss videregående skole;;;;;*;*;*;*;;;;;;;;;;;;;;;;;;;;;;;;;;;;;;;;
REA3022;Oslo;Fyrstikkalleen skole;;;;;3,6;18;3,6;12;;;;;;;;;;;;;;;;;;;;;;;;;;;;;;;;
REA3022;Oslo;Hartvig Nissens skole;;;;;*;*;*;*;;;;;;;;;;;;;;;;;;;;;;;;;;;;;;;;
REA3022;Oslo;Hellerud videregående skole;;;;;*;*;*;*;;;;;;;;;;;;;;;;;;;;;;;;;;;;;;;;
REA3022;Oslo;Heltberg private gymnas;;;;;3,3;16;3,5;13;;;;;;;;;;;;;;;;;;;;;;;;;;;;;;;;
REA3022;Oslo;Hersleb videregående skole;;;;;*;*;*;*;;;;;;;;;;;;;;;;;;;;;;;;;;;;;;;;
REA3022;Oslo;Kongshavn videregående skole;;;;;3,7;19;4,6;7;;;;;*;*;;;;;;;;;;;;;;;;;;;;;;;;;;
REA3022;Oslo;Kongsskogen videregående skole;;;;;*;*;*;*;;;;;;;;;;;;;;;;;;;;;;;;;;;;;;;;
REA3022;Oslo;Kristelig gymnasium AS videregående skole;;;;;3,9;17;5,0;18;;;;;;;;;;;;;;;;;;;;;;;;;;;;;;;;
REA3022;Oslo;Kuben videregående skole;;;;;*;*;*;*;;;;;;;;;;;;;;;;;;;;;;;;;;;;;;;;
REA3022;Oslo;Lambertseter videregående skole;;;;;*;*;4,5;16;;;;;;;;;;;;;;;;;;;;;;;;;;;;;;;;
REA3022;Oslo;Nydalen videregående skole;;;;;5,0;51;4,6;42;;;;;;;;;;;;;;;;;;;;;;;;;;;;;;;;
REA3022;Oslo;Oslo Handelsgymnasium;;;;;*;*;*;*;;;;;;;;;;;;;;;;;;;;;;;;;;;;;;;;
REA3022;Oslo;Oslo katedralskole;;;;;4,5;42;4,5;68;;;;;;;;;;;;;;;;;;;;;;;;;;;;;;;;
REA3022;Oslo;Oslo private gymnasium AS;;;;;5,0;10;5,4;12;;;;;;;;;;;;;;;;;;;;;;;;;;;;;;;;
REA3022;Oslo;Otto Treider private gymnas AS;;;;;*;*;4,1;8;;;;;;;;;;;;;;;;;;;;;;;;;;;;;;;;
REA3022;Oslo;Persbråten videregående skole;;;;;*;*;*;*;;;;;;;;;;;;;;;;;;;;;;;;;;;;;;;;
REA3022;Oslo;Stovner videregående skole;;;;;*;*;*;*;;;;;;;;;;;;;;;;;;;;;;;;;;;;;;;;
REA3022;Oslo;Ullern videregående skole;;;;;4,5;59;4,7;45;;;;;;;;;;;;;;;;;;;;;;;;;;;;;;;;
REA3022;Oslo;Valle Hovin videregående skole;;;;;4,2;13;4,0;9;;;;;;;;;;;;;;;;;;;;;;;;;;;;;;;;
REA3022;Oslo;Wang videregående Skole/ Wang Toppidrett;;;;;4,3;31;4,4;17;;;;;;;;;;;;;;;;;;;;;;;;;;;;;;;;
REA3022;Rogaland;Alle skoler;;;;;4,2;363;4,3;311;;;;;;;;;;;;;;;;;;;;;;;;;;;;;;;;
REA3022;Rogaland;Akademiet Sandnes;;;;;*;*;*;*;;;;;;;;;;;;;;;;;;;;;;;;;;;;;;;;
REA3022;Rogaland;Bryne vidaregåande skule;;;;;*;*;*;*;;;;;;;;;;;;;;;;;;;;;;;;;;;;;;;;
REA3022;Rogaland;Dalane videregående skole;;;;;3,9;8;3,8;8;;;;;;;;;;;;;;;;;;;;;;;;;;;;;;;;
REA3022;Rogaland;Forus friskole - Bus;;;;;*;*;*;*;;;;;;;;;;;;;;;;;;;;;;;;;;;;;;;;
REA3022;Rogaland;Haugesund Toppidrettsgymnas AS;;;;;4,5;12;4,7;6;;;;;;;;;;;;;;;;;;;;;;;;;;;;;;;;
REA3022;Rogaland;Hetland videregående skole;;;;;*;*;3,7;13;;;;;;;;;;;;;;;;;;;;;;;;;;;;;;;;
REA3022;Rogaland;Kopervik videregående skole;;;;;2,8;12;3,8;12;;;;;;;;;;;;;;;;;;;;;;;;;;;;;;;;
REA3022;Rogaland;Lundeneset Vgs;;;;;3,8;12;4,0;7;;;;;;;;;;;;;;;;;;;;;;;;;;;;;;;;
REA3022;Rogaland;Møllehagen skolesenter grunnskole og videregående skole;;;;;;;*;*;;;;;;;;;;;;;;;;;;;;;;;;;;;;;;;;
REA3022;Rogaland;Norheim Vgs AS;;;;;*;*;*;*;;;;;;;;;;;;;;;;;;;;;;;;;;;;;;;;
REA3022;Rogaland;Randaberg videregående skole;;;;;3,5;6;3,4;12;;;;;;;;;;;;;;;;;;;;;;;;;;;;;;;;
REA3022;Rogaland;Sandnes videregående skole;;;;;4,2;52;*;*;;;;;;;;;;;;;;;;;;;;;;;;;;;;;;;;
REA3022;Rogaland;Sauda vidaregåande skule;;;;;*;*;3,8;12;;;;;;;;;;;;;;;;;;;;;;;;;;;;;;;;
REA3022;Rogaland;Skeisvang videregående skole;;;;;*;*;*;*;;;;;;;;;;;;;;;;;;;;;;;;;;;;;;;;
REA3022;Rogaland;Sola videregående skole;;;;;3,4;12;*;*;;;;;;;;;;;;;;;;;;;;;;;;;;;;;;;;
REA3022;Rogaland;St Svithun videregående skole;;;;;4,6;31;4,5;24;;;;;;;;;;;;;;;;;;;;;;;;;;;;;;;;
REA3022;Rogaland;St. Olav videregående skole;;;;;4,5;72;4,5;45;;;;;;;;;;;;;;;;;;;;;;;;;;;;;;;;
REA3022;Rogaland;Stavanger katedralskole;;;;;*;*;*;*;;;;;;;;;;;;;;;;;;;;;;;;;;;;;;;;
REA3022;Rogaland;Strand videregående skole;;;;;4,8;9;4,0;15;;;;;;;;;;;;;;;;;;;;;;;;;;;;;;;;
REA3022;Rogaland;Tryggheim vidaregåande skule;;;;;4,8;11;5,2;9;;;;;;;;;;;;;;;;;;;;;;;;;;;;;;;;
REA3022;Rogaland;Vardafjell videregående skole;;;;;3,0;8;3,4;8;;;;;;;;;;;;;;;;;;;;;;;;;;;;;;;;
REA3022;Rogaland;Wang Toppidrett Stavanger AS;;;;;*;*;*;*;;;;;;;;;;;;;;;;;;;;;;;;;;;;;;;;
REA3022;Rogaland;Ølen vidaregåande skule;;;;;4,1;8;*;*;;;;;;;;;;;;;;;;;;;;;;;;;;;;;;;;
REA3022;Telemark;Alle skoler;;;;;;;;;;;;;;;;;;;;;;;;;;;;;;;;;;;;;;;;
REA3022;Telemark;Bamble videregående skole;;;;;3,2;6;3,5;10;;;;;;;;;;;;;;;;;;;;;;;;;;;;;;;;
REA3022;Telemark;Bø vidaregåande skule;;;;;*;*;*;*;;;;;;;;;;;;;;;;;;;;;;;;;;;;;;;;
REA3022;Telemark;Kragerø videregående skole;;;;;*;*;*;*;;;;;;;;;;;;;;;;;;;;;;;;;;;;;;;;
REA3022;Telemark;Kvitsund gymnas;;;;;4,2;9;3,8;8;;;;;;;;;;;;;;;;;;;;;;;;;;;;;;;;
REA3022;Telemark;Notodden videregående skole;;;;;3,9;11;4,2;11;;;;;;;;;;;;;;;;;;;;;;;;;;;;;;;;
REA3022;Telemark;Porsgrunn videregående skole;;;;;*;*;4,5;22;;;;;;;;;;;;;;;;;;;;;;;;;;;;;;;;
REA3022;Telemark;Rjukan videregående skole;;;;;3,1;16;3,2;10;;;;;;;;;;;;;;;;;;;;;;;;;;;;;;;;
REA3022;Telemark;Skien videregående skole;;;;;*;*;4,3;27;;;;;;;;;;;;;;;;;;;;;;;;;;;;;;;;
REA3022;Telemark;Stiftelsen Telemark Toppidrett gymnas;;;;;3,8;12;4,1;7;;;;;;;;;;;;;;;;;;;;;;;;;;;;;;;;
REA3022;Telemark;Vest-Telemark vidaregåande skule;;;;;*;*;*;*;;;;;;;;;;;;;;;;;;;;;;;;;;;;;;;;
REA3022;Troms - Romsa - Tromssa ;Alle skoler;;;;;;;;;;;;;;;;;;;;;;;;;;;;;;;;;;;;;;;;
REA3022;Troms - Romsa - Tromssa ;Bardufoss videregående skole;;;;;*;*;*;*;;;;;;;;;;;;;;;;;;;;;;;;;;;;;;;;
REA3022;Troms - Romsa - Tromssa ;Heggen videregående skole;;;;;4,2;12;4,8;24;;;;;;;;;;;;;;;;;;;;;;;;;;;;;;;;
REA3022;Troms - Romsa - Tromssa ;Kongsbakken videregående skole;;;;;4,3;42;*;*;;;;;;;;;;;;;;;;;;;;;;;;;;;;;;;;
REA3022;Troms - Romsa - Tromssa ;Kvaløya videregående skole;;;;;*;*;*;*;;;;;;;;;;;;;;;;;;;;;;;;;;;;;;;;
REA3022;Troms - Romsa - Tromssa ;Nordborg Vgs;;;;;*;*;;;;;;;;;;;;;;;;;;;;;;;;;;;;;;;;;;
REA3022;Troms - Romsa - Tromssa ;Nordkjosbotn videregående skole;;;;;*;*;*;*;;;;;;;;;;;;;;;;;;;;;;;;;;;;;;;;
REA3022;Troms - Romsa - Tromssa ;Nord-Troms videregående skole avd Nordreisa;;;;;*;*;*;*;;;;;;;;;;;;;;;;;;;;;;;;;;;;;;;;
REA3022;Troms - Romsa - Tromssa ;Norges Toppidrettsgymnas Tromsø AS;;;;;*;*;4,4;9;;;;;;;;;;;;;;;;;;;;;;;;;;;;;;;;
REA3022;Troms - Romsa - Tromssa ;Senja videregående skole avd Finnfjordbotn;;;;;3,9;8;4,3;6;;;;;;;;;;;;;;;;;;;;;;;;;;;;;;;;
REA3022;Troms - Romsa - Tromssa ;Sjøvegan videregående skole;;;;;*;*;*;*;;;;;;;;;;;;;;;;;;;;;;;;;;;;;;;;
REA3022;Troms - Romsa - Tromssa ;Tromsdalen videregående skole;;;;;4,9;7;5,1;17;;;;;;;;;;;;;;;;;;;;;;;;;;;;;;;;
REA3022;Troms og Finnmark - Romsa ja Finnmárku - Tromssa ja Finmarkku (2020 - 2023);Alle skoler;;;;;4,1;141;4,5;146;;;;;;;;;;;;;;;;;;;;;;;;;;;;;;;;
REA3022;Troms og Finnmark - Romsa ja Finnmárku - Tromssa ja Finmarkku (2020 - 2023);Alta videregående skole;;;;;4,1;11;4,5;12;;;;;;;;;;;;;;;;;;;;;;;;;;;;;;;;
REA3022;Troms og Finnmark - Romsa ja Finnmárku - Tromssa ja Finmarkku (2020 - 2023);Bardufoss videregående skole;;;;;*;*;*;*;;;;;;;;;;;;;;;;;;;;;;;;;;;;;;;;
REA3022;Troms og Finnmark - Romsa ja Finnmárku - Tromssa ja Finmarkku (2020 - 2023);Hammerfest videregående skole;;;;;*;*;*;*;;;;;;;;;;;;;;;;;;;;;;;;;;;;;;;;
REA3022;Troms og Finnmark - Romsa ja Finnmárku - Tromssa ja Finmarkku (2020 - 2023);Heggen videregående skole;;;;;4,2;12;4,8;24;;;;;;;;;;;;;;;;;;;;;;;;;;;;;;;;
REA3022;Troms og Finnmark - Romsa ja Finnmárku - Tromssa ja Finmarkku (2020 - 2023);Kirkenes videregående skole;;;;;3,4;12;4,1;8;;;;;;;;;;;;;;;;;;;;;;;;;;;;;;;;
REA3022;Troms og Finnmark - Romsa ja Finnmárku - Tromssa ja Finmarkku (2020 - 2023);Kongsbakken videregående skole;;;;;4,3;42;*;*;;;;;;;;;;;;;;;;;;;;;;;;;;;;;;;;
REA3022;Troms og Finnmark - Romsa ja Finnmárku - Tromssa ja Finmarkku (2020 - 2023);Kvaløya videregående skole;;;;;*;*;*;*;;;;;;;;;;;;;;;;;;;;;;;;;;;;;;;;
REA3022;Troms og Finnmark - Romsa ja Finnmárku - Tromssa ja Finmarkku (2020 - 2023);Lakselv videregående skole;;;;;;;*;*;;;;;;;;;;;;;;;;;;;;;;;;;;;;;;;;
REA3022;Troms og Finnmark - Romsa ja Finnmárku - Tromssa ja Finmarkku (2020 - 2023);Longyearbyen skole Grunnskole;;;;;*;*;*;*;;;;;;;;;;;;;;;;;;;;;;;;;;;;;;;;
REA3022;Troms og Finnmark - Romsa ja Finnmárku - Tromssa ja Finmarkku (2020 - 2023);Nordborg Vgs;;;;;*;*;;;;;;;;;;;;;;;;;;;;;;;;;;;;;;;;;;
REA3022;Troms og Finnmark - Romsa ja Finnmárku - Tromssa ja Finmarkku (2020 - 2023);Nordkapp videregående skole;;;;;*;*;*;*;;;;;;;;;;;;;;;;;;;;;;;;;;;;;;;;
REA3022;Troms og Finnmark - Romsa ja Finnmárku - Tromssa ja Finmarkku (2020 - 2023);Nordkjosbotn videregående skole;;;;;*;*;*;*;;;;;;;;;;;;;;;;;;;;;;;;;;;;;;;;
REA3022;Troms og Finnmark - Romsa ja Finnmárku - Tromssa ja Finmarkku (2020 - 2023);Nord-Troms videregående skole avd Nordreisa;;;;;*;*;*;*;;;;;;;;;;;;;;;;;;;;;;;;;;;;;;;;
REA3022;Troms og Finnmark - Romsa ja Finnmárku - Tromssa ja Finmarkku (2020 - 2023);Norges Toppidrettsgymnas Tromsø AS;;;;;*;*;4,4;9;;;;;;;;;;;;;;;;;;;;;;;;;;;;;;;;
REA3022;Troms og Finnmark - Romsa ja Finnmárku - Tromssa ja Finmarkku (2020 - 2023);Samisk videregående skole Karasjok;;;;;*;*;*;*;;;;;;;;;;;;;;;;;;;;;;;;;;;;;;;;
REA3022;Troms og Finnmark - Romsa ja Finnmárku - Tromssa ja Finmarkku (2020 - 2023);Samisk videregående skole og reindriftsskole;;;;;*;*;;;;;;;;;;;;;;;;;;;;;;;;;;;;;;;;;;
REA3022;Troms og Finnmark - Romsa ja Finnmárku - Tromssa ja Finmarkku (2020 - 2023);Senja videregående skole avd Finnfjordbotn;;;;;3,9;8;4,3;6;;;;;;;;;;;;;;;;;;;;;;;;;;;;;;;;
REA3022;Troms og Finnmark - Romsa ja Finnmárku - Tromssa ja Finmarkku (2020 - 2023);Sjøvegan videregående skole;;;;;*;*;*;*;;;;;;;;;;;;;;;;;;;;;;;;;;;;;;;;
REA3022;Troms og Finnmark - Romsa ja Finnmárku - Tromssa ja Finmarkku (2020 - 2023);Tana videregående skole;;;;;;;*;*;;;;;;;;;;;;;;;;;;;;;;;;;;;;;;;;
REA3022;Troms og Finnmark - Romsa ja Finnmárku - Tromssa ja Finmarkku (2020 - 2023);Tromsdalen videregående skole;;;;;4,9;7;5,1;17;;;;;;;;;;;;;;;;;;;;;;;;;;;;;;;;
REA3022;Troms og Finnmark - Romsa ja Finnmárku - Tromssa ja Finmarkku (2020 - 2023);Vadsø videregående skole;;;;;*;*;*;*;;;;;;;;;;;;;;;;;;;;;;;;;;;;;;;;
REA3022;Trøndelag - Trööndelage;Alle skoler;;;;;4,1;291;4,3;293;;;;;;;;;;;;;;;;;;;;;;;;;;;;;;;;
REA3022;Trøndelag - Trööndelage;Bybroen videregående skole AS;;;;;3,6;10;*;*;;;;;;;;;;;;;;;;;;;;;;;;;;;;;;;;
REA3022;Trøndelag - Trööndelage;Byåsen videregående skole;;;;;*;*;*;*;;;;;;;;;;;;;;;;;;;;;;;;;;;;;;;;
REA3022;Trøndelag - Trööndelage;Charlottenlund videregående skole;;;;;*;*;4,5;14;;;;;;;;;;;;;;;;;;;;;;;;;;;;;;;;
REA3022;Trøndelag - Trööndelage;Fosen videregående skole;;;;;;;5,2;11;;;;;;;;;;;;;;;;;;;;;;;;;;;;;;;;
REA3022;Trøndelag - Trööndelage;Gauldal videregående skole;;;;;*;*;*;*;;;;;;;;;;;;;;;;;;;;;;;;;;;;;;;;
REA3022;Trøndelag - Trööndelage;Grong videregående skole;;;;;*;*;3,8;6;;;;;;;;;;;;;;;;;;;;;;;;;;;;;;;;
REA3022;Trøndelag - Trööndelage;Guri Kunna videregående skole avd Hitra;;;;;*;*;*;*;;;;;;;;;;;;;;;;;;;;;;;;;;;;;;;;
REA3022;Trøndelag - Trööndelage;Heimdal videregående skole;;;;;4,5;10;4,5;11;;;;;;;;;;;;;;;;;;;;;;;;;;;;;;;;
REA3022;Trøndelag - Trööndelage;Inderøy videregående skole;;;;;;;*;*;;;;;;;;;;;;;;;;;;;;;;;;;;;;;;;;
REA3022;Trøndelag - Trööndelage;Johan Bojer videregående skole Skolested Leksvik;;;;;*;*;*;*;;;;;;;;;;;;;;;;;;;;;;;;;;;;;;;;
REA3022;Trøndelag - Trööndelage;Johan Bojer videregående skole Skolested Rissa;;;;;*;*;*;*;;;;;;;;;;;;;;;;;;;;;;;;;;;;;;;;
REA3022;Trøndelag - Trööndelage;Kristen videregående skole Trøndelag;;;;;3,8;26;*;*;;;;;;;;;;;;;;;;;;;;;;;;;;;;;;;;
REA3022;Trøndelag - Trööndelage;Kyrksæterøra videregående skole;;;;;;;*;*;;;;;;;;;;;;;;;;;;;;;;;;;;;;;;;;
REA3022;Trøndelag - Trööndelage;Levanger videregående skole;;;;;*;*;*;*;;;;;;;;;;;;;;;;;;;;;;;;;;;;;;;;
REA3022;Trøndelag - Trööndelage;Malvik videregående skole;;;;;*;*;*;*;;;;;;;;;;;;;;;;;;;;;;;;;;;;;;;;
REA3022;Trøndelag - Trööndelage;Melhus videregående skole;;;;;*;*;*;*;;;;;;;;;;;;;;;;;;;;;;;;;;;;;;;;
REA3022;Trøndelag - Trööndelage;Meråker videregående skole;;;;;*;*;*;*;;;;;;;;;;;;;;;;;;;;;;;;;;;;;;;;
REA3022;Trøndelag - Trööndelage;Olav Duun videregående skole;;;;;*;*;*;*;;;;;;;;;;;;;;;;;;;;;;;;;;;;;;;;
REA3022;Trøndelag - Trööndelage;Ole Vig videregående skole;;;;;4,1;22;4,2;21;;;;;;;;;;;;;;;;;;;;;;;;;;;;;;;;
REA3022;Trøndelag - Trööndelage;Oppdal videregående skole;;;;;*;*;*;*;;;;;;;;;;;;;;;;;;;;;;;;;;;;;;;;
REA3022;Trøndelag - Trööndelage;Orkdal vidaregåande skole;;;;;*;*;4,4;10;;;;;;;;;;;;;;;;;;;;;;;;;;;;;;;;
REA3022;Trøndelag - Trööndelage;Røros videregående skole;;;;;3,0;8;4,1;10;;;;;;;;;;;;;;;;;;;;;;;;;;;;;;;;
REA3022;Trøndelag - Trööndelage;Selbu videregående skole;;;;;*;*;*;*;;;;;;;;;;;;;;;;;;;;;;;;;;;;;;;;
REA3022;Trøndelag - Trööndelage;Steinkjer videregående skole;;;;;4,8;6;3,5;11;;;;;;;;;;;;;;;;;;;;;;;;;;;;;;;;
REA3022;Trøndelag - Trööndelage;Strinda videregående skole;;;;;*;*;*;*;;;;;;;;;;;;;;;;;;;;;;;;;;;;;;;;
REA3022;Trøndelag - Trööndelage;Thora Storm videregående skole;;;;;4,6;38;4,8;33;;;;;;;;;;;;;;;;;;;;;;;;;;;;;;;;
REA3022;Trøndelag - Trööndelage;Tiller videregående skole;;;;;*;*;;;;;;;;;;;;;;;;;;;;;;;;;;;;;;;;;;
REA3022;Trøndelag - Trööndelage;Trondheim katedralskole;;;;;*;*;*;*;;;;;;;;;;;;;;;;;;;;;;;;;;;;;;;;
REA3022;Trøndelag - Trööndelage;Verdal videregående skole;;;;;;;*;*;;;;;;;;;;;;;;;;;;;;;;;;;;;;;;;;
REA3022;Trøndelag - Trööndelage;Ytre Namdal videregående skole;;;;;3,5;8;*;*;;;;;;;;;;;;;;;;;;;;;;;;;;;;;;;;
REA3022;Trøndelag - Trööndelage;Åfjord videregående skole;;;;;*;*;*;*;;;;;;;;;;;;;;;;;;;;;;;;;;;;;;;;
REA3022;Vestfold;Alle skoler;;;;;;;;;;;;;;;;;;;;;;;;;;;;;;;;;;;;;;;;
REA3022;Vestfold;Greveskogen videregående skole;;;;;3,9;21;4,3;14;;;;;;;;;;;;;;;;;;;;;;;;;;;;;;;;
REA3022;Vestfold;Holmestrand videregående skole;;;;;4,7;9;;;;;;;;;;;;;;;;;;;;;;;;;;;;;;;;;;
REA3022;Vestfold;Horten videregående skole;;;;;*;*;*;*;;;;;;;;;;;;;;;;;;;;;;;;;;;;;;;;
REA3022;Vestfold;Nøtterøy videregående skole;;;;;3,8;28;4,0;12;;;;;;;;;;;;;;;;;;;;;;;;;;;;;;;;
REA3022;Vestfold;Re videregående skole;;;;;4,6;11;4,4;10;;;;;;;;;;;;;;;;;;;;;;;;;;;;;;;;
REA3022;Vestfold;Sande videregående skole;;;;;*;*;*;*;;;;;;;;;;;;;;;;;;;;;;;;;;;;;;;;
REA3022;Vestfold;Sandefjord videregående skole;;;;;*;*;*;*;;;;;;;;;;;;;;;;;;;;;;;;;;;;;;;;
REA3022;Vestfold;Thor Heyerdahl videregående skole;;;;;4,5;21;4,8;20;;;;;;;;;;;;;;;;;;;;;;;;;;;;;;;;
REA3022;Vestfold;Wang Tønsberg AS;;;;;3,5;20;4,2;11;;;;;;;;;;;;;;;;;;;;;;;;;;;;;;;;
REA3022;Vestfold og Telemark (2020 - 2023);Alle skoler;;;;;4,0;296;4,2;227;;;;;;;;;;;;;;;;;;;;;;;;;;;;;;;;
REA3022;Vestfold og Telemark (2020 - 2023);Bamble videregående skole;;;;;3,2;6;3,5;10;;;;;;;;;;;;;;;;;;;;;;;;;;;;;;;;
REA3022;Vestfold og Telemark (2020 - 2023);Bø vidaregåande skule;;;;;*;*;*;*;;;;;;;;;;;;;;;;;;;;;;;;;;;;;;;;
REA3022;Vestfold og Telemark (2020 - 2023);Greveskogen videregående skole;;;;;3,9;21;4,3;14;;;;;;;;;;;;;;;;;;;;;;;;;;;;;;;;
REA3022;Vestfold og Telemark (2020 - 2023);Holmestrand videregående skole;;;;;4,7;9;;;;;;;;;;;;;;;;;;;;;;;;;;;;;;;;;;
REA3022;Vestfold og Telemark (2020 - 2023);Horten videregående skole;;;;;*;*;*;*;;;;;;;;;;;;;;;;;;;;;;;;;;;;;;;;
REA3022;Vestfold og Telemark (2020 - 2023);Kragerø videregående skole;;;;;*;*;*;*;;;;;;;;;;;;;;;;;;;;;;;;;;;;;;;;
REA3022;Vestfold og Telemark (2020 - 2023);Kvitsund gymnas;;;;;4,2;9;3,8;8;;;;;;;;;;;;;;;;;;;;;;;;;;;;;;;;
REA3022;Vestfold og Telemark (2020 - 2023);Notodden videregående skole;;;;;3,9;11;4,2;11;;;;;;;;;;;;;;;;;;;;;;;;;;;;;;;;
REA3022;Vestfold og Telemark (2020 - 2023);Nøtterøy videregående skole;;;;;3,8;28;4,0;12;;;;;;;;;;;;;;;;;;;;;;;;;;;;;;;;
REA3022;Vestfold og Telemark (2020 - 2023);Porsgrunn videregående skole;;;;;*;*;4,5;22;;;;;;;;;;;;;;;;;;;;;;;;;;;;;;;;
REA3022;Vestfold og Telemark (2020 - 2023);Re videregående skole;;;;;4,6;11;4,4;10;;;;;;;;;;;;;;;;;;;;;;;;;;;;;;;;
REA3022;Vestfold og Telemark (2020 - 2023);Rjukan videregående skole;;;;;3,1;16;3,2;10;;;;;;;;;;;;;;;;;;;;;;;;;;;;;;;;
REA3022;Vestfold og Telemark (2020 - 2023);Sande videregående skole;;;;;*;*;*;*;;;;;;;;;;;;;;;;;;;;;;;;;;;;;;;;
REA3022;Vestfold og Telemark (2020 - 2023);Sandefjord videregående skole;;;;;*;*;*;*;;;;;;;;;;;;;;;;;;;;;;;;;;;;;;;;
REA3022;Vestfold og Telemark (2020 - 2023);Skien videregående skole;;;;;*;*;4,3;27;;;;;;;;;;;;;;;;;;;;;;;;;;;;;;;;
REA3022;Vestfold og Telemark (2020 - 2023);Stiftelsen Telemark Toppidrett gymnas;;;;;3,8;12;4,1;7;;;;;;;;;;;;;;;;;;;;;;;;;;;;;;;;
REA3022;Vestfold og Telemark (2020 - 2023);Thor Heyerdahl videregående skole;;;;;4,5;21;4,8;20;;;;;;;;;;;;;;;;;;;;;;;;;;;;;;;;
REA3022;Vestfold og Telemark (2020 - 2023);Vest-Telemark vidaregåande skule;;;;;*;*;*;*;;;;;;;;;;;;;;;;;;;;;;;;;;;;;;;;
REA3022;Vestfold og Telemark (2020 - 2023);Wang Tønsberg AS;;;;;3,5;20;4,2;11;;;;;;;;;;;;;;;;;;;;;;;;;;;;;;;;
REA3022;Vestland;Alle skoler;*;*;*;*;4,2;505;4,4;478;;;;;4,0;12;4,0;7;;;;;;;;;;;;;;;;;;;;;;;;
REA3022;Vestland;Amalie Skram videregående skole;;;;;*;*;4,6;66;;;;;4,0;12;4,0;7;;;;;;;;;;;;;;;;;;;;;;;;
REA3022;Vestland;Arna vidaregåande skule;;;;;*;*;*;*;;;;;;;;;;;;;;;;;;;;;;;;;;;;;;;;
REA3022;Vestland;Askøy videregående skole;;;;;4,4;13;*;*;;;;;;;;;;;;;;;;;;;;;;;;;;;;;;;;
REA3022;Vestland;Austrheim vidaregåande skule;;;;;;;*;*;;;;;;;;;;;;;;;;;;;;;;;;;;;;;;;;
REA3022;Vestland;Bergen katedralskole;;;;;4,0;29;3,9;27;;;;;;;;;;;;;;;;;;;;;;;;;;;;;;;;
REA3022;Vestland;Bergen private gymnas AS;;;;;*;*;*;*;;;;;;;;;;;;;;;;;;;;;;;;;;;;;;;;
REA3022;Vestland;Bømlo vidaregåande skule;;;;;*;*;*;*;;;;;;;;;;;;;;;;;;;;;;;;;;;;;;;;
REA3022;Vestland;Dale vidaregåande skule;;;;;*;*;*;*;;;;;;;;;;;;;;;;;;;;;;;;;;;;;;;;
REA3022;Vestland;Danielsen Intensivgymnas;*;*;*;*;*;*;4,1;24;;;;;;;;;;;;;;;;;;;;;;;;;;;;;;;;
REA3022;Vestland;Danielsen videregående skole;;;;;4,5;13;4,7;9;;;;;;;;;;;;;;;;;;;;;;;;;;;;;;;;
REA3022;Vestland;Eid vidaregåande skule;;;;;4,1;9;4,1;7;;;;;;;;;;;;;;;;;;;;;;;;;;;;;;;;
REA3022;Vestland;Firda vidaregåande skule;;;;;*;*;*;*;;;;;;;;;;;;;;;;;;;;;;;;;;;;;;;;
REA3022;Vestland;Flora vidaregåande skule;;;;;*;*;*;*;;;;;;;;;;;;;;;;;;;;;;;;;;;;;;;;
REA3022;Vestland;Framnes Kristne vidaregåande skule;;;;;4,8;12;4,1;10;;;;;;;;;;;;;;;;;;;;;;;;;;;;;;;;
REA3022;Vestland;Fusa vidaregåande skule;;;;;*;*;*;*;;;;;;;;;;;;;;;;;;;;;;;;;;;;;;;;
REA3022;Vestland;Fyllingsdalen videregående skole;;;;;*;*;*;*;;;;;;;;;;;;;;;;;;;;;;;;;;;;;;;;
REA3022;Vestland;Hafstad videregående skule;;;;;4,7;19;4,6;22;;;;;;;;;;;;;;;;;;;;;;;;;;;;;;;;
REA3022;Vestland;Høyanger vidaregåande skule;;;;;*;*;*;*;;;;;;;;;;;;;;;;;;;;;;;;;;;;;;;;
REA3022;Vestland;Knarvik vidaregåande skule;;;;;4,5;10;3,6;13;;;;;;;;;;;;;;;;;;;;;;;;;;;;;;;;
REA3022;Vestland;Kvam vidaregåande skule;;;;;4,3;7;4,0;8;;;;;;;;;;;;;;;;;;;;;;;;;;;;;;;;
REA3022;Vestland;Kvinnherad vidaregåande skule;;;;;*;*;*;*;;;;;;;;;;;;;;;;;;;;;;;;;;;;;;;;
REA3022;Vestland;Langhaugen videregående skole;;;;;*;*;*;*;;;;;;;;;;;;;;;;;;;;;;;;;;;;;;;;
REA3022;Vestland;Metis videregående AS;;;;;4,8;29;*;*;;;;;;;;;;;;;;;;;;;;;;;;;;;;;;;;
REA3022;Vestland;Måløy vidaregåande skule;;;;;*;*;*;*;;;;;;;;;;;;;;;;;;;;;;;;;;;;;;;;
REA3022;Vestland;Nordahl Grieg videregående skole;;;;;*;*;4,7;27;;;;;;;;;;;;;;;;;;;;;;;;;;;;;;;;
REA3022;Vestland;Odda vidaregåande skule;;;;;3,9;7;3,7;6;;;;;;;;;;;;;;;;;;;;;;;;;;;;;;;;
REA3022;Vestland;Olsvikåsen videregående skole;;;;;*;*;*;*;;;;;;;;;;;;;;;;;;;;;;;;;;;;;;;;
REA3022;Vestland;Os gymnas;;;;;*;*;*;*;;;;;;;;;;;;;;;;;;;;;;;;;;;;;;;;
REA3022;Vestland;Osterøy vidaregåande skule;;;;;*;*;*;*;;;;;;;;;;;;;;;;;;;;;;;;;;;;;;;;
REA3022;Vestland;Sandsli videregående skole;;;;;3,9;23;4,9;11;;;;;;;;;;;;;;;;;;;;;;;;;;;;;;;;
REA3022;Vestland;Sogndal vidaregåande skule;;;;;4,5;17;4,7;11;;;;;;;;;;;;;;;;;;;;;;;;;;;;;;;;
REA3022;Vestland;Sotra vidaregåande skule;;;;;*;*;5,1;12;;;;;;;;;;;;;;;;;;;;;;;;;;;;;;;;
REA3022;Vestland;St. Paul gymnas;;;;;*;*;*;*;;;;;;;;;;;;;;;;;;;;;;;;;;;;;;;;
REA3022;Vestland;Stord vidaregåande skule;;;;;4,5;14;4,6;10;;;;;;;;;;;;;;;;;;;;;;;;;;;;;;;;
REA3022;Vestland;Stryn vidaregåande skule;;;;;4,3;10;3,8;19;;;;;;;;;;;;;;;;;;;;;;;;;;;;;;;;
REA3022;Vestland;Sygna Vgs;;;;;*;*;4,4;8;;;;;;;;;;;;;;;;;;;;;;;;;;;;;;;;
REA3022;Vestland;Tertnes vidaregåande skule;;;;;3,5;20;4,7;10;;;;;;;;;;;;;;;;;;;;;;;;;;;;;;;;
REA3022;Vestland;Voss gymnas;;;;;*;*;*;*;;;;;;;;;;;;;;;;;;;;;;;;;;;;;;;;
REA3022;Vestland;Årdal vidaregåande skule;;;;;*;*;*;*;;;;;;;;;;;;;;;;;;;;;;;;;;;;;;;;
REA3022;Vestland;Årstad videregående skole;;;;;*;*;*;*;;;;;;;;;;;;;;;;;;;;;;;;;;;;;;;;
REA3022;Viken (2020 - 2023);Alle skoler;4,3;9;*;*;4,2;910;4,4;733;;;;;*;*;;;;;;;;;;;;;;;;;;;;;;;;;;
REA3022;Viken (2020 - 2023);Akademiet Drammen AS;;;;;*;*;*;*;;;;;;;;;;;;;;;;;;;;;;;;;;;;;;;;
REA3022;Viken (2020 - 2023);Akademiet Vgs Bragernes Drammen AS;;;;;*;*;*;*;;;;;;;;;;;;;;;;;;;;;;;;;;;;;;;;
REA3022;Viken (2020 - 2023);Akademiet Ypsilon videregående skole AS;;;;;3,6;7;4,2;10;;;;;;;;;;;;;;;;;;;;;;;;;;;;;;;;
REA3022;Viken (2020 - 2023);Asker videregående skole;;;;;*;*;*;*;;;;;;;;;;;;;;;;;;;;;;;;;;;;;;;;
REA3022;Viken (2020 - 2023);Askim videregående skole;;;;;*;*;*;*;;;;;;;;;;;;;;;;;;;;;;;;;;;;;;;;
REA3022;Viken (2020 - 2023);Bjertnes videregående skole;;;;;4,4;15;4,6;8;;;;;;;;;;;;;;;;;;;;;;;;;;;;;;;;
REA3022;Viken (2020 - 2023);Bjørkelangen videregående skole;;;;;4,4;15;*;*;;;;;;;;;;;;;;;;;;;;;;;;;;;;;;;;
REA3022;Viken (2020 - 2023);Buskerud videregående skole;;;;;*;*;4,7;7;;;;;;;;;;;;;;;;;;;;;;;;;;;;;;;;
REA3022;Viken (2020 - 2023);Drammen videregående skole;*;*;*;*;3,8;39;*;*;;;;;;;;;;;;;;;;;;;;;;;;;;;;;;;;
REA3022;Viken (2020 - 2023);Dønski videregående skole;;;;;*;*;*;*;;;;;;;;;;;;;;;;;;;;;;;;;;;;;;;;
REA3022;Viken (2020 - 2023);Eidsvoll videregående skole;;;;;*;*;*;*;;;;;;;;;;;;;;;;;;;;;;;;;;;;;;;;
REA3022;Viken (2020 - 2023);Eikeli videregående skole;;;;;*;*;*;*;;;;;;;;;;;;;;;;;;;;;;;;;;;;;;;;
REA3022;Viken (2020 - 2023);Eiker videregående skole;;;;;4,0;15;3,6;8;;;;;;;;;;;;;;;;;;;;;;;;;;;;;;;;
REA3022;Viken (2020 - 2023);Frederik Ii videregående skole;;;;;3,2;19;4,4;13;;;;;;;;;;;;;;;;;;;;;;;;;;;;;;;;
REA3022;Viken (2020 - 2023);Frogn videregående skole;;;;;*;*;*;*;;;;;;;;;;;;;;;;;;;;;;;;;;;;;;;;
REA3022;Viken (2020 - 2023);Gol vidaregåande skule;;;;;*;*;*;*;;;;;;;;;;;;;;;;;;;;;;;;;;;;;;;;
REA3022;Viken (2020 - 2023);Greåker videregående skole;*;*;*;*;*;*;*;*;;;;;;;;;;;;;;;;;;;;;;;;;;;;;;;;
REA3022;Viken (2020 - 2023);Halden videregående skole;;;;;3,9;14;*;*;;;;;;;;;;;;;;;;;;;;;;;;;;;;;;;;
REA3022;Viken (2020 - 2023);Hans Nielsen Hauge videregående skole;;;;;*;*;*;*;;;;;;;;;;;;;;;;;;;;;;;;;;;;;;;;
REA3022;Viken (2020 - 2023);Hoppensprett Akademiet Vgs Jessheim AS;;;;;*;*;;;;;;;;;;;;;;;;;;;;;;;;;;;;;;;;;;
REA3022;Viken (2020 - 2023);Jessheim videregående skole;*;*;*;*;3,8;21;4,3;31;;;;;;;;;;;;;;;;;;;;;;;;;;;;;;;;
REA3022;Viken (2020 - 2023);Kirkeparken videregående skole;;;;;3,9;28;4,0;21;;;;;;;;;;;;;;;;;;;;;;;;;;;;;;;;
REA3022;Viken (2020 - 2023);Kongsberg videregående skole;*;*;*;*;4,0;25;3,6;12;;;;;;;;;;;;;;;;;;;;;;;;;;;;;;;;
REA3022;Viken (2020 - 2023);Lillestrøm videregående skole;;;;;*;*;4,5;41;;;;;;;;;;;;;;;;;;;;;;;;;;;;;;;;
REA3022;Viken (2020 - 2023);Lørenskog videregående skole;;;*;*;*;*;*;*;;;;;;;;;;;;;;;;;;;;;;;;;;;;;;;;
REA3022;Viken (2020 - 2023);Mailand videregående skole;;;;;3,7;27;4,4;18;;;;;;;;;;;;;;;;;;;;;;;;;;;;;;;;
REA3022;Viken (2020 - 2023);Malakoff videregående skole;;;;;3,9;9;5,3;7;;;;;;;;;;;;;;;;;;;;;;;;;;;;;;;;
REA3022;Viken (2020 - 2023);Mysen videregående skole;;;;;4,0;7;4,7;7;;;;;;;;;;;;;;;;;;;;;;;;;;;;;;;;
REA3022;Viken (2020 - 2023);Nadderud videregående skole;;;;;*;*;*;*;;;;;;;;;;;;;;;;;;;;;;;;;;;;;;;;
REA3022;Viken (2020 - 2023);Nannestad videregående skole;;;;;4,1;10;4,2;6;;;;;;;;;;;;;;;;;;;;;;;;;;;;;;;;
REA3022;Viken (2020 - 2023);Nes videregående skole;;;;;*;*;*;*;;;;;;;;;;;;;;;;;;;;;;;;;;;;;;;;
REA3022;Viken (2020 - 2023);Nesbru videregående skole;;;;;3,8;8;4,7;6;;;;;*;*;;;;;;;;;;;;;;;;;;;;;;;;;;
REA3022;Viken (2020 - 2023);Nesodden videregående skole;;;;;3,8;25;4,3;19;;;;;;;;;;;;;;;;;;;;;;;;;;;;;;;;
REA3022;Viken (2020 - 2023);Norges Realfagsgymnas Sandvika AS;;;;;*;*;*;*;;;;;;;;;;;;;;;;;;;;;;;;;;;;;;;;
REA3022;Viken (2020 - 2023);Norges Toppidrettsgymnas Bærum AS;;;;;4,0;28;4,5;23;;;;;;;;;;;;;;;;;;;;;;;;;;;;;;;;
REA3022;Viken (2020 - 2023);Norges Toppidrettsgymnas Geilo AS;;;;;*;*;*;*;;;;;;;;;;;;;;;;;;;;;;;;;;;;;;;;
REA3022;Viken (2020 - 2023);Numedal videregående skole;;;;;*;*;*;*;;;;;;;;;;;;;;;;;;;;;;;;;;;;;;;;
REA3022;Viken (2020 - 2023);Ringerike videregående skole;;;*;*;*;*;*;*;;;;;;;;;;;;;;;;;;;;;;;;;;;;;;;;
REA3022;Viken (2020 - 2023);Roald Amundsen videregående skole;;;;;*;*;*;*;;;;;;;;;;;;;;;;;;;;;;;;;;;;;;;;
REA3022;Viken (2020 - 2023);Rosenvilde videregående skole;;;;;*;*;*;*;;;;;;;;;;;;;;;;;;;;;;;;;;;;;;;;
REA3022;Viken (2020 - 2023);Rælingen videregående skole;;;;;*;*;*;*;;;;;;;;;;;;;;;;;;;;;;;;;;;;;;;;
REA3022;Viken (2020 - 2023);Røyken videregående skole;;;;;3,7;7;*;*;;;;;;;;;;;;;;;;;;;;;;;;;;;;;;;;
REA3022;Viken (2020 - 2023);Sandvika videregående skole;;;;;*;*;4,4;17;;;;;;;;;;;;;;;;;;;;;;;;;;;;;;;;
REA3022;Viken (2020 - 2023);Skedsmo videregående skole;;;;;4,8;13;4,4;7;;;;;;;;;;;;;;;;;;;;;;;;;;;;;;;;
REA3022;Viken (2020 - 2023);Ski videregående skole;*;*;;;4,6;17;4,8;27;;;;;;;;;;;;;;;;;;;;;;;;;;;;;;;;
REA3022;Viken (2020 - 2023);St Hallvard videregående skole;;;;;4,7;13;4,8;14;;;;;;;;;;;;;;;;;;;;;;;;;;;;;;;;
REA3022;Viken (2020 - 2023);St. Olav videregående skole;;;;;3,9;14;4,3;7;;;;;;;;;;;;;;;;;;;;;;;;;;;;;;;;
REA3022;Viken (2020 - 2023);Stabekk videregående skole;*;*;*;*;*;*;*;*;;;;;;;;;;;;;;;;;;;;;;;;;;;;;;;;
REA3022;Viken (2020 - 2023);Sørumsand videregående skole;;;;;4,1;14;4,9;8;;;;;;;;;;;;;;;;;;;;;;;;;;;;;;;;
REA3022;Viken (2020 - 2023);Tomb videregående skole;;;;;*;*;*;*;;;;;;;;;;;;;;;;;;;;;;;;;;;;;;;;
REA3022;Viken (2020 - 2023);Tyrifjord videregående skole;;;;;5,3;7;*;*;;;;;;;;;;;;;;;;;;;;;;;;;;;;;;;;
REA3022;Viken (2020 - 2023);Valler videregående skole;;;;;5,1;36;4,9;55;;;;;;;;;;;;;;;;;;;;;;;;;;;;;;;;
REA3022;Viken (2020 - 2023);Vestby videregående skole;;;;;*;*;*;*;;;;;;;;;;;;;;;;;;;;;;;;;;;;;;;;
REA3022;Viken (2020 - 2023);Wang Fredrikstad AS;;;;;*;*;*;*;;;;;;;;;;;;;;;;;;;;;;;;;;;;;;;;
REA3022;Viken (2020 - 2023);Wang Romerike AS;;;;;*;*;*;*;;;;;;;;;;;;;;;;;;;;;;;;;;;;;;;;
REA3022;Viken (2020 - 2023);Ås videregående skole;;;;;*;*;*;*;;;;;;;;;;;;;;;;;;;;;;;;;;;;;;;;
REA3022;Østfold;Alle skoler;;;;;;;;;;;;;;;;;;;;;;;;;;;;;;;;;;;;;;;;
REA3022;Østfold;Askim videregående skole;;;;;*;*;*;*;;;;;;;;;;;;;;;;;;;;;;;;;;;;;;;;
REA3022;Østfold;Frederik Ii videregående skole;;;;;3,2;19;4,4;13;;;;;;;;;;;;;;;;;;;;;;;;;;;;;;;;
REA3022;Østfold;Greåker videregående skole;*;*;*;*;*;*;*;*;;;;;;;;;;;;;;;;;;;;;;;;;;;;;;;;
REA3022;Østfold;Halden videregående skole;;;;;3,9;14;*;*;;;;;;;;;;;;;;;;;;;;;;;;;;;;;;;;
REA3022;Østfold;Hans Nielsen Hauge videregående skole;;;;;*;*;*;*;;;;;;;;;;;;;;;;;;;;;;;;;;;;;;;;
REA3022;Østfold;Kirkeparken videregående skole;;;;;3,9;28;4,0;21;;;;;;;;;;;;;;;;;;;;;;;;;;;;;;;;
REA3022;Østfold;Malakoff videregående skole;;;;;3,9;9;5,3;7;;;;;;;;;;;;;;;;;;;;;;;;;;;;;;;;
REA3022;Østfold;Mysen videregående skole;;;;;4,0;7;4,7;7;;;;;;;;;;;;;;;;;;;;;;;;;;;;;;;;
REA3022;Østfold;St. Olav videregående skole;;;;;3,9;14;4,3;7;;;;;;;;;;;;;;;;;;;;;;;;;;;;;;;;
REA3022;Østfold;Tomb videregående skole;;;;;*;*;*;*;;;;;;;;;;;;;;;;;;;;;;;;;;;;;;;;
REA3022;Østfold;Wang Fredrikstad AS;;;;;*;*;*;*;;;;;;;;;;;;;;;;;;;;;;;;;;;;;;;;
REA3022;Alle fylker;Alle skoler;;;;;;;*;*;;;;;;;;;;;;;;;;;;;;;;;;;;;;;;;;
REA3022;Utlandet;Alle skoler;;;;;;;*;*;;;;;;;;;;;;;;;;;;;;;;;;;;;;;;;;
REA3022;Utlandet;Den norske skole - Gran Canaria;;;;;;;*;*;;;;;;;;;;;;;;;;;;;;;;;;;;;;;;;;
REA3024;Alle fylker;Alle skoler;;;;;4,1;3 294;4,4;2 284;;;;;4,2;3 262;4,5;2 360;;;;;*;*;;;;;;;;;;;;;;;;;;
REA3024;Alle fylker;Alle skoler;;;;;4,1;3 294;4,4;2 284;;;;;4,2;3 262;4,5;2 360;;;;;*;*;;;;;;;;;;;;;;;;;;
REA3024;Agder;Alle skoler;;;;;*;*;*;*;;;;;4,1;163;4,5;117;;;;;;;;;;;;;;;;;;;;;;;;
REA3024;Agder;Akademiet Kristiansand AS;;;;;;;;;;;;;;;*;*;;;;;;;;;;;;;;;;;;;;;;;;
REA3024;Agder;Arendal videregående skole avd Tyholmen;;;;;4,4;25;*;*;;;;;4,8;19;5,4;14;;;;;;;;;;;;;;;;;;;;;;;;
REA3024;Agder;Dahlske videregående skole;;;;;*;*;3,7;6;;;;;4,2;10;*;*;;;;;;;;;;;;;;;;;;;;;;;;
REA3024;Agder;Drottningborg Vgs AS;;;;;*;*;*;*;;;;;*;*;*;*;;;;;;;;;;;;;;;;;;;;;;;;
REA3024;Agder;Eilert Sundt videregående skole Studiested Farsund;;;;;4,0;15;;;;;;;*;*;*;*;;;;;;;;;;;;;;;;;;;;;;;;
REA3024;Agder;Flekkefjord videregående skole Studiested Flekkefjord;;;;;*;*;*;*;;;;;*;*;*;*;;;;;;;;;;;;;;;;;;;;;;;;
REA3024;Agder;Kristiansand katedralskole Gimle;;;;;4,3;40;4,3;25;;;;;4,5;41;4,4;29;;;;;;;;;;;;;;;;;;;;;;;;
REA3024;Agder;Kvs-Lyngdal AS;;;;;*;*;*;*;;;;;*;*;*;*;;;;;;;;;;;;;;;;;;;;;;;;
REA3024;Agder;Lillesand videregående skole;;;;;4,0;9;4,3;8;;;;;5,0;11;*;*;;;;;;;;;;;;;;;;;;;;;;;;
REA3024;Agder;Mandal videregående skole;;;;;4,3;18;3,9;13;;;;;3,9;10;4,6;12;;;;;;;;;;;;;;;;;;;;;;;;
REA3024;Agder;Risør videregående skole;;;;;4,3;6;4,9;8;;;;;*;*;*;*;;;;;;;;;;;;;;;;;;;;;;;;
REA3024;Agder;Setesdal vidaregåande skule;;;;;*;*;*;*;;;;;3,9;8;3,8;12;;;;;;;;;;;;;;;;;;;;;;;;
REA3024;Agder;Tangen videregående skole;;;;;*;*;*;*;;;;;*;*;*;*;;;;;;;;;;;;;;;;;;;;;;;;
REA3024;Agder;Tvedestrand videregående skole;;;;;*;*;*;*;;;;;*;*;*;*;;;;;;;;;;;;;;;;;;;;;;;;
REA3024;Agder;Vennesla videregående skole;;;;;*;*;*;*;;;;;*;*;*;*;;;;;;;;;;;;;;;;;;;;;;;;
REA3024;Agder;Vågsbygd videregående skole;;;;;3,5;22;4,4;9;;;;;3,3;23;5,1;11;;;;;;;;;;;;;;;;;;;;;;;;
REA3024;Akershus;Alle skoler;;;;;;;;;;;;;;;;;;;;;;;;;;;;;;;;;;;;;;;;
REA3024;Akershus;Asker videregående skole;;;;;4,8;29;4,3;32;;;;;*;*;4,9;32;;;;;;;;;;;;;;;;;;;;;;;;
REA3024;Akershus;Bjertnes videregående skole;;;;;*;*;*;*;;;;;4,2;14;4,9;7;;;;;;;;;;;;;;;;;;;;;;;;
REA3024;Akershus;Bjørkelangen videregående skole;;;;;*;*;*;*;;;;;*;*;*;*;;;;;;;;;;;;;;;;;;;;;;;;
REA3024;Akershus;Dønski videregående skole;;;;;*;*;*;*;;;;;3,5;8;*;*;;;;;;;;;;;;;;;;;;;;;;;;
REA3024;Akershus;Eidsvoll videregående skole;;;;;*;*;*;*;;;;;*;*;*;*;;;;;;;;;;;;;;;;;;;;;;;;
REA3024;Akershus;Eikeli videregående skole;;;;;*;*;*;*;;;;;*;*;*;*;;;;;;;;;;;;;;;;;;;;;;;;
REA3024;Akershus;Frogn videregående skole;;;;;4,5;15;3,9;11;;;;;3,7;14;4,7;7;;;;;;;;;;;;;;;;;;;;;;;;
REA3024;Akershus;Hoppensprett Akademiet Vgs Jessheim AS;;;;;*;*;;;;;;;*;*;;;;;;;;;;;;;;;;;;;;;;;;;;
REA3024;Akershus;Jessheim videregående skole;;;;;4,4;22;4,5;21;;;;;4,5;15;4,8;24;;;;;;;;;;;;;;;;;;;;;;;;
REA3024;Akershus;Lillestrøm videregående skole;;;;;4,0;33;4,6;29;;;;;4,6;37;4,5;27;;;;;;;;;;;;;;;;;;;;;;;;
REA3024;Akershus;Lørenskog videregående skole;;;;;*;*;*;*;;;;;*;*;*;*;;;;;;;;;;;;;;;;;;;;;;;;
REA3024;Akershus;Mailand videregående skole;;;;;3,3;26;4,0;8;;;;;3,6;21;4,6;14;;;;;;;;;;;;;;;;;;;;;;;;
REA3024;Akershus;Nadderud videregående skole;;;;;4,5;32;5,0;28;;;;;*;*;4,6;28;;;;;;;;;;;;;;;;;;;;;;;;
REA3024;Akershus;Nannestad videregående skole;;;;;4,3;10;4,4;9;;;;;*;*;*;*;;;;;;;;;;;;;;;;;;;;;;;;
REA3024;Akershus;Nes videregående skole;;;;;*;*;*;*;;;;;*;*;*;*;;;;;;;;;;;;;;;;;;;;;;;;
REA3024;Akershus;Nesbru videregående skole;;;;;*;*;*;*;;;;;3,7;9;*;*;;;;;;;;;;;;;;;;;;;;;;;;
REA3024;Akershus;Nesodden videregående skole;;;;;4,2;16;5,1;10;;;;;4,3;12;4,1;14;;;;;;;;;;;;;;;;;;;;;;;;
REA3024;Akershus;Norges Realfagsgymnas Sandvika AS;;;;;*;*;*;*;;;;;*;*;*;*;;;;;;;;;;;;;;;;;;;;;;;;
REA3024;Akershus;Norges Toppidrettsgymnas Bærum AS;;;;;4,5;21;4,4;9;;;;;3,8;25;4,5;15;;;;;;;;;;;;;;;;;;;;;;;;
REA3024;Akershus;Roald Amundsen videregående skole;;;;;*;*;*;*;;;;;*;*;*;*;;;;;;;;;;;;;;;;;;;;;;;;
REA3024;Akershus;Rosenvilde videregående skole;;;;;*;*;*;*;;;;;*;*;*;*;;;;;;;;;;;;;;;;;;;;;;;;
REA3024;Akershus;Rælingen videregående skole;;;;;*;*;*;*;;;;;*;*;*;*;;;;;;;;;;;;;;;;;;;;;;;;
REA3024;Akershus;Røyken videregående skole;;;;;*;*;*;*;;;;;4,0;6;3,7;6;;;;;;;;;;;;;;;;;;;;;;;;
REA3024;Akershus;Sandvika videregående skole;;;;;4,2;38;4,6;22;;;;;4,3;36;4,2;13;;;;;;;;;;;;;;;;;;;;;;;;
REA3024;Akershus;Skedsmo videregående skole;;;;;4,2;18;4,6;7;;;;;*;*;*;*;;;;;;;;;;;;;;;;;;;;;;;;
REA3024;Akershus;Ski videregående skole;;;;;*;*;5,0;8;;;;;*;*;4,9;20;;;;;;;;;;;;;;;;;;;;;;;;
REA3024;Akershus;Stabekk videregående skole;;;;;*;*;*;*;;;;;4,2;12;4,8;11;;;;;;;;;;;;;;;;;;;;;;;;
REA3024;Akershus;Sørumsand videregående skole;;;;;*;*;*;*;;;;;*;*;*;*;;;;;;;;;;;;;;;;;;;;;;;;
REA3024;Akershus;Valler videregående skole;;;;;4,5;49;4,8;38;;;;;5,2;35;4,9;45;;;;;;;;;;;;;;;;;;;;;;;;
REA3024;Akershus;Vestby videregående skole;;;;;*;*;*;*;;;;;*;*;*;*;;;;;;;;;;;;;;;;;;;;;;;;
REA3024;Akershus;Wang Romerike AS;;;;;;;;;;;;;*;*;;;;;;;;;;;;;;;;;;;;;;;;;;
REA3024;Akershus;Ås videregående skole;;;;;*;*;*;*;;;;;*;*;*;*;;;;;;;;;;;;;;;;;;;;;;;;
REA3024;Buskerud;Alle skoler;;;;;;;;;;;;;;;;;;;;;;;;;;;;;;;;;;;;;;;;
REA3024;Buskerud;Akademiet Drammen AS;;;;;*;*;*;*;;;;;*;*;*;*;;;;;;;;;;;;;;;;;;;;;;;;
REA3024;Buskerud;Akademiet Ypsilon videregående skole AS;;;;;2,8;8;5,0;6;;;;;4,1;7;3,9;8;;;;;;;;;;;;;;;;;;;;;;;;
REA3024;Buskerud;Briskeby videregående skole AS;;;;;*;*;;;;;;;;;;;;;;;;;;;;;;;;;;;;;;;;;;
REA3024;Buskerud;Buskerud videregående skole;;;;;*;*;*;*;;;;;*;*;*;*;;;;;;;;;;;;;;;;;;;;;;;;
REA3024;Buskerud;Drammen videregående skole;;;;;*;*;*;*;;;;;*;*;*;*;;;;;;;;;;;;;;;;;;;;;;;;
REA3024;Buskerud;Eiker videregående skole;;;;;*;*;*;*;;;;;3,7;14;3,9;7;;;;;;;;;;;;;;;;;;;;;;;;
REA3024;Buskerud;Gol vidaregåande skule;;;;;4,0;7;3,9;9;;;;;*;*;*;*;;;;;;;;;;;;;;;;;;;;;;;;
REA3024;Buskerud;Kongsberg videregående skole;;;;;*;*;*;*;;;;;*;*;*;*;;;;;;;;;;;;;;;;;;;;;;;;
REA3024;Buskerud;Norges Toppidrettsgymnas Geilo AS;;;;;*;*;*;*;;;;;*;*;4,3;7;;;;;;;;;;;;;;;;;;;;;;;;
REA3024;Buskerud;Numedal videregående skole;;;;;*;*;*;*;;;;;*;*;*;*;;;;;;;;;;;;;;;;;;;;;;;;
REA3024;Buskerud;Ringerike videregående skole;;;;;3,3;10;4,8;11;;;;;3,8;8;4,0;8;;;;;;;;;;;;;;;;;;;;;;;;
REA3024;Buskerud;St Hallvard videregående skole;;;;;4,1;22;4,5;11;;;;;3,7;14;4,3;9;;;;;;;;;;;;;;;;;;;;;;;;
REA3024;Buskerud;Tyrifjord videregående skole;;;;;*;*;*;*;;;;;*;*;*;*;;;;;;;;;;;;;;;;;;;;;;;;
REA3024;Finnmark - Finnmárku - Finmarkku;Alle skoler;;;;;;;;;;;;;;;;;;;;;;;;;;;;;;;;;;;;;;;;
REA3024;Finnmark - Finnmárku - Finmarkku;Alta videregående skole;;;;;3,7;10;5,3;7;;;;;*;*;*;*;;;;;;;;;;;;;;;;;;;;;;;;
REA3024;Finnmark - Finnmárku - Finmarkku;Hammerfest videregående skole;;;;;*;*;*;*;;;;;*;*;*;*;;;;;;;;;;;;;;;;;;;;;;;;
REA3024;Finnmark - Finnmárku - Finmarkku;Kirkenes videregående skole;;;;;*;*;*;*;;;;;*;*;*;*;;;;;;;;;;;;;;;;;;;;;;;;
REA3024;Finnmark - Finnmárku - Finmarkku;Lakselv videregående skole;;;;;*;*;;;;;;;;;*;*;;;;;;;;;;;;;;;;;;;;;;;;
REA3024;Finnmark - Finnmárku - Finmarkku;Nordkapp videregående skole;;;;;*;*;*;*;;;;;*;*;*;*;;;;;;;;;;;;;;;;;;;;;;;;
REA3024;Finnmark - Finnmárku - Finmarkku;Samisk videregående skole Karasjok;;;;;*;*;;;;;;;*;*;*;*;;;;;;;;;;;;;;;;;;;;;;;;
REA3024;Finnmark - Finnmárku - Finmarkku;Samisk videregående skole og reindriftsskole;;;;;*;*;;;;;;;*;*;;;;;;;;;;;;;;;;;;;;;;;;;;
REA3024;Finnmark - Finnmárku - Finmarkku;Vadsø videregående skole;;;;;*;*;*;*;;;;;*;*;*;*;;;;;;;;;;;;;;;;;;;;;;;;
REA3024;Finnmark - Finnmárku - Finmarkku;Vardø videregående skole;;;;;*;*;;;;;;;;;;;;;;;;;;;;;;;;;;;;;;;;;;
REA3024;Innlandet;Alle skoler;;;;;4,0;155;4,3;185;;;;;4,0;186;4,5;151;;;;;;;;;;;;;;;;;;;;;;;;
REA3024;Innlandet;Elverum videregående skole;;;;;2,2;6;*;*;;;;;*;*;*;*;;;;;;;;;;;;;;;;;;;;;;;;
REA3024;Innlandet;Gausdal videregående skole;;;;;*;*;;;;;;;;;*;*;;;;;;;;;;;;;;;;;;;;;;;;
REA3024;Innlandet;Gjøvik videregående skole;;;;;*;*;*;*;;;;;*;*;*;*;;;;;;;;;;;;;;;;;;;;;;;;
REA3024;Innlandet;Hadeland videregående skole;;;;;4,6;13;4,0;13;;;;;*;*;*;*;;;;;;;;;;;;;;;;;;;;;;;;
REA3024;Innlandet;Hamar katedralskole;;;;;3,4;19;*;*;;;;;*;*;*;*;;;;;;;;;;;;;;;;;;;;;;;;
REA3024;Innlandet;Lena-Valle videregående skole avd Lena;;;;;*;*;*;*;;;;;;;*;*;;;;;;;;;;;;;;;;;;;;;;;;
REA3024;Innlandet;Lillehammer videregående skole avd Sør;;;;;4,7;20;4,2;23;;;;;3,8;22;4,3;17;;;;;;;;;;;;;;;;;;;;;;;;
REA3024;Innlandet;Nord-Gudbrandsdal vidaregåande skule;;;;;*;*;*;*;;;;;*;*;*;*;;;;;;;;;;;;;;;;;;;;;;;;
REA3024;Innlandet;Nord-Gudbrandsdal Videregåande skule Avd Dombås;;;;;;;;;;;;;*;*;*;*;;;;;;;;;;;;;;;;;;;;;;;;
REA3024;Innlandet;Nord-Gudbrandsdal Videregåande skule avd Lom (Nedlagt);;;;;*;*;;;;;;;*;*;*;*;;;;;;;;;;;;;;;;;;;;;;;;
REA3024;Innlandet;Nord-Østerdal videregående skole;;;;;*;*;*;*;;;;;4,7;9;*;*;;;;;;;;;;;;;;;;;;;;;;;;
REA3024;Innlandet;Norges Toppidrettsgymnas Kongsvinger AS;;;;;*;*;*;*;;;;;3,3;13;3,8;12;;;;;;;;;;;;;;;;;;;;;;;;
REA3024;Innlandet;Norges Toppidrettsgymnas Lillehammer AS;;;;;*;*;*;*;;;;;4,0;17;4,4;8;;;;;;;;;;;;;;;;;;;;;;;;
REA3024;Innlandet;Raufoss videregående skole avd Dokka;;;;;*;*;*;*;;;;;*;*;*;*;;;;;;;;;;;;;;;;;;;;;;;;
REA3024;Innlandet;Ringsaker videregående skole;;;;;*;*;*;*;;;;;*;*;*;*;;;;;;;;;;;;;;;;;;;;;;;;
REA3024;Innlandet;Sentrum videregående skole avd Skarnes;;;;;*;*;*;*;;;;;*;*;*;*;;;;;;;;;;;;;;;;;;;;;;;;
REA3024;Innlandet;Solør videregående skole;;;;;*;*;*;*;;;;;*;*;*;*;;;;;;;;;;;;;;;;;;;;;;;;
REA3024;Innlandet;Stange videregående skole;;;;;*;*;*;*;;;;;*;*;*;*;;;;;;;;;;;;;;;;;;;;;;;;
REA3024;Innlandet;Trysil videregående skole;;;;;*;*;3,5;6;;;;;*;*;*;*;;;;;;;;;;;;;;;;;;;;;;;;
REA3024;Innlandet;Valdres vidaregåande skule;;;;;*;*;*;*;;;;;*;*;*;*;;;;;;;;;;;;;;;;;;;;;;;;
REA3024;Innlandet;Vinstra vidaregåande skule;;;;;*;*;*;*;;;;;*;*;*;*;;;;;;;;;;;;;;;;;;;;;;;;
REA3024;Innlandet;Wang Hamar AS;;;;;4,1;11;3,9;16;;;;;3,9;15;4,2;10;;;;;;;;;;;;;;;;;;;;;;;;
REA3024;Innlandet;Øvrebyen videregående skole;;;;;*;*;*;*;;;;;*;*;*;*;;;;;;;;;;;;;;;;;;;;;;;;
REA3024;Møre og Romsdal;Alle skoler;;;;;4,2;115;*;*;;;;;4,0;136;4,3;93;;;;;;;;;;;;;;;;;;;;;;;;
REA3024;Møre og Romsdal;Akademiet Vgs Møre AS;;;;;;;;;;;;;*;*;*;*;;;;;;;;;;;;;;;;;;;;;;;;
REA3024;Møre og Romsdal;Akademiet Vgs Ålesund AS;;;;;*;*;*;*;;;;;*;*;*;*;;;;;;;;;;;;;;;;;;;;;;;;
REA3024;Møre og Romsdal;Atlanten videregående skole;;;;;*;*;*;*;;;;;*;*;*;*;;;;;;;;;;;;;;;;;;;;;;;;
REA3024;Møre og Romsdal;Haram vidaregåande skule;;;;;*;*;*;*;;;;;*;*;*;*;;;;;;;;;;;;;;;;;;;;;;;;
REA3024;Møre og Romsdal;Hustadvika vidaregåande skole;;;;;*;*;*;*;;;;;*;*;*;*;;;;;;;;;;;;;;;;;;;;;;;;
REA3024;Møre og Romsdal;Molde videregående skole;;;;;4,0;11;4,5;14;;;;;4,0;17;4,6;15;;;;;;;;;;;;;;;;;;;;;;;;
REA3024;Møre og Romsdal;Rauma videregående skole;;;;;*;*;*;*;;;;;3,7;6;4,7;6;;;;;;;;;;;;;;;;;;;;;;;;
REA3024;Møre og Romsdal;Spjelkavik videregående skole;;;;;4,6;19;4,0;11;;;;;3,6;19;4,0;9;;;;;;;;;;;;;;;;;;;;;;;;
REA3024;Møre og Romsdal;Stranda vidaregåande skule;;;;;*;*;*;*;;;;;*;*;*;*;;;;;;;;;;;;;;;;;;;;;;;;
REA3024;Møre og Romsdal;Sunndal vidaregåande skole;;;;;*;*;*;*;;;;;4,1;10;3,8;13;;;;;;;;;;;;;;;;;;;;;;;;
REA3024;Møre og Romsdal;Surnadal vidaregåande skule;;;;;*;*;*;*;;;;;*;*;*;*;;;;;;;;;;;;;;;;;;;;;;;;
REA3024;Møre og Romsdal;Sykkylven vidaregåande skule;;;;;*;*;*;*;;;;;*;*;*;*;;;;;;;;;;;;;;;;;;;;;;;;
REA3024;Møre og Romsdal;Tingvoll vidaregåande skole;;;;;*;*;;;;;;;;;*;*;;;;;;;;;;;;;;;;;;;;;;;;
REA3024;Møre og Romsdal;Ulstein vidaregåande skule;;;;;*;*;*;*;;;;;2,9;11;4,7;6;;;;;;;;;;;;;;;;;;;;;;;;
REA3024;Møre og Romsdal;Vestborg Vgs;;;;;;;*;*;;;;;*;*;*;*;;;;;;;;;;;;;;;;;;;;;;;;
REA3024;Møre og Romsdal;Volda vidaregåande skule;;;;;*;*;*;*;;;;;*;*;*;*;;;;;;;;;;;;;;;;;;;;;;;;
REA3024;Møre og Romsdal;Ålesund videregående skole;;;;;4,1;20;4,2;6;;;;;4,3;13;3,7;15;;;;;;;;;;;;;;;;;;;;;;;;
REA3024;Møre og Romsdal;Ålesund videregående skole Lokalitet Volsdalsberga;;;;;*;*;*;*;;;;;*;*;*;*;;;;;;;;;;;;;;;;;;;;;;;;
REA3024;Nordland - Nordlánnda;Alle skoler;;;;;*;*;4,0;71;;;;;*;*;*;*;;;;;;;;;;;;;;;;;;;;;;;;
REA3024;Nordland - Nordlánnda;Andøy videregående skole;;;;;*;*;*;*;;;;;;;*;*;;;;;;;;;;;;;;;;;;;;;;;;
REA3024;Nordland - Nordlánnda;Aust-Lofoten videregående skole;;;;;3,7;6;4,2;12;;;;;4,0;6;4,5;8;;;;;;;;;;;;;;;;;;;;;;;;
REA3024;Nordland - Nordlánnda;Bodin videregående skole;;;;;*;*;*;*;;;;;4,2;12;*;*;;;;;;;;;;;;;;;;;;;;;;;;
REA3024;Nordland - Nordlánnda;Bodø videregående skole;;;;;4,0;7;4,1;9;;;;;*;*;*;*;;;;;;;;;;;;;;;;;;;;;;;;
REA3024;Nordland - Nordlánnda;Brønnøysund videregående skole;;;;;4,5;8;3,3;6;;;;;*;*;*;*;;;;;;;;;;;;;;;;;;;;;;;;
REA3024;Nordland - Nordlánnda;Fauske videregående skole;;;;;*;*;*;*;;;;;*;*;*;*;;;;;;;;;;;;;;;;;;;;;;;;
REA3024;Nordland - Nordlánnda;Hadsel videregående skole;;;;;*;*;*;*;;;;;*;*;*;*;;;;;;;;;;;;;;;;;;;;;;;;
REA3024;Nordland - Nordlánnda;Knut Hamsun videregående skole Joarkkaskåvllå;;;;;;;*;*;;;;;;;*;*;;;;;;;;;;;;;;;;;;;;;;;;
REA3024;Nordland - Nordlánnda;Kristen videregående skole Nordland Sti;;;;;*;*;*;*;;;;;*;*;*;*;;;;;;;;;;;;;;;;;;;;;;;;
REA3024;Nordland - Nordlánnda;Meløy videregående skole;;;;;*;*;;;;;;;*;*;*;*;;;;;;;;;;;;;;;;;;;;;;;;
REA3024;Nordland - Nordlánnda;Mosjøen videregående skole;;;;;*;*;*;*;;;;;*;*;*;*;;;;;;;;;;;;;;;;;;;;;;;;
REA3024;Nordland - Nordlánnda;Narvik videregående skole;;;;;3,4;9;3,4;10;;;;;3,6;11;4,9;8;;;;;;;;;;;;;;;;;;;;;;;;
REA3024;Nordland - Nordlánnda;Polarsirkelen videregående skole;;;;;*;*;*;*;;;;;*;*;*;*;;;;;;;;;;;;;;;;;;;;;;;;
REA3024;Nordland - Nordlánnda;Saltdal videregående skole;;;;;*;*;*;*;;;;;*;*;;;;;;;;;;;;;;;;;;;;;;;;;;
REA3024;Nordland - Nordlánnda;Sandnessjøen videregående skole;;;;;*;*;4,3;6;;;;;*;*;*;*;;;;;;;;;;;;;;;;;;;;;;;;
REA3024;Nordland - Nordlánnda;Sortland videregående skole avd Sortland;;;;;*;*;*;*;;;;;*;*;*;*;;;;;;;;;;;;;;;;;;;;;;;;
REA3024;Nordland - Nordlánnda;Vest-Lofoten videregående skole;;;;;*;*;*;*;;;;;*;*;*;*;;;;;;;;;;;;;;;;;;;;;;;;
REA3024;Oslo;Alle skoler;;;;;4,3;525;4,8;344;;;;;4,3;555;4,6;378;;;;;;;;;;;;;;;;;;;;;;;;
REA3024;Oslo;Akademiet Oslo AS;;;;;*;*;*;*;;;;;*;*;*;*;;;;;;;;;;;;;;;;;;;;;;;;
REA3024;Oslo;Akademiet Vgs Bislett AS;;;;;*;*;;;;;;;*;*;*;*;;;;;;;;;;;;;;;;;;;;;;;;
REA3024;Oslo;Bjerke videregående skole;;;;;3,6;29;4,4;9;;;;;*;*;*;*;;;;;;;;;;;;;;;;;;;;;;;;
REA3024;Oslo;Bjørnholt videregående skole;;;;;;;;;;;;;*;*;*;*;;;;;;;;;;;;;;;;;;;;;;;;
REA3024;Oslo;Blindern videregående skole;;;;;4,3;28;4,7;11;;;;;4,3;23;5,0;9;;;;;;;;;;;;;;;;;;;;;;;;
REA3024;Oslo;Edvard Munch videregående skole;;;;;*;*;*;*;;;;;*;*;*;*;;;;;;;;;;;;;;;;;;;;;;;;
REA3024;Oslo;Elvebakken videregående skole;;;;;5,0;56;5,0;69;;;;;*;*;*;*;;;;;;;;;;;;;;;;;;;;;;;;
REA3024;Oslo;Foss videregående skole;;;;;*;*;*;*;;;;;*;*;*;*;;;;;;;;;;;;;;;;;;;;;;;;
REA3024;Oslo;Fyrstikkalleen skole;;;;;*;*;*;*;;;;;3,2;23;3,3;10;;;;;;;;;;;;;;;;;;;;;;;;
REA3024;Oslo;Hartvig Nissens skole;;;;;*;*;*;*;;;;;*;*;*;*;;;;;;;;;;;;;;;;;;;;;;;;
REA3024;Oslo;Hellerud videregående skole;;;;;*;*;*;*;;;;;*;*;*;*;;;;;;;;;;;;;;;;;;;;;;;;
REA3024;Oslo;Heltberg private gymnas;;;;;*;*;*;*;;;;;*;*;*;*;;;;;;;;;;;;;;;;;;;;;;;;
REA3024;Oslo;Hersleb videregående skole;;;;;*;*;*;*;;;;;*;*;*;*;;;;;;;;;;;;;;;;;;;;;;;;
REA3024;Oslo;Kongshavn videregående skole;;;;;*;*;*;*;;;;;*;*;*;*;;;;;;;;;;;;;;;;;;;;;;;;
REA3024;Oslo;Kongsskogen videregående skole;;;;;*;*;*;*;;;;;*;*;*;*;;;;;;;;;;;;;;;;;;;;;;;;
REA3024;Oslo;Kristelig gymnasium AS videregående skole;;;;;4,8;24;5,2;13;;;;;4,2;14;4,7;15;;;;;;;;;;;;;;;;;;;;;;;;
REA3024;Oslo;Kuben videregående skole;;;;;4,0;28;*;*;;;;;*;*;*;*;;;;;;;;;;;;;;;;;;;;;;;;
REA3024;Oslo;Lambertseter videregående skole;;;;;3,7;33;4,1;15;;;;;*;*;3,6;14;;;;;;;;;;;;;;;;;;;;;;;;
REA3024;Oslo;Nydalen videregående skole;;;;;4,7;36;5,1;34;;;;;4,8;48;4,6;38;;;;;;;;;;;;;;;;;;;;;;;;
REA3024;Oslo;Oslo Handelsgymnasium;;;;;4,3;21;4,9;9;;;;;*;*;*;*;;;;;;;;;;;;;;;;;;;;;;;;
REA3024;Oslo;Oslo katedralskole;;;;;4,7;55;5,2;50;;;;;5,0;35;4,9;47;;;;;;;;;;;;;;;;;;;;;;;;
REA3024;Oslo;Oslo private gymnasium AS;;;;;*;*;*;*;;;;;*;*;*;*;;;;;;;;;;;;;;;;;;;;;;;;
REA3024;Oslo;Otto Treider private gymnas AS;;;;;*;*;*;*;;;;;*;*;*;*;;;;;;;;;;;;;;;;;;;;;;;;
REA3024;Oslo;Persbråten videregående skole;;;;;*;*;*;*;;;;;*;*;*;*;;;;;;;;;;;;;;;;;;;;;;;;
REA3024;Oslo;Stovner videregående skole;;;;;;;;;;;;;*;*;*;*;;;;;;;;;;;;;;;;;;;;;;;;
REA3024;Oslo;Ullern videregående skole;;;;;4,6;50;4,9;32;;;;;4,9;50;4,5;31;;;;;;;;;;;;;;;;;;;;;;;;
REA3024;Oslo;Valle Hovin videregående skole;;;;;4,3;12;4,0;7;;;;;4,1;13;3,9;8;;;;;;;;;;;;;;;;;;;;;;;;
REA3024;Oslo;Wang videregående Skole/ Wang Toppidrett;;;;;*;*;*;*;;;;;4,6;28;4,1;15;;;;;;;;;;;;;;;;;;;;;;;;
REA3024;Rogaland;Alle skoler;;;;;4,0;311;4,3;226;;;;;4,2;318;4,4;221;;;;;;;;;;;;;;;;;;;;;;;;
REA3024;Rogaland;Akademiet Sandnes;;;;;*;*;*;*;;;;;*;*;*;*;;;;;;;;;;;;;;;;;;;;;;;;
REA3024;Rogaland;Bryne vidaregåande skule;;;;;*;*;*;*;;;;;*;*;*;*;;;;;;;;;;;;;;;;;;;;;;;;
REA3024;Rogaland;Dalane videregående skole;;;;;3,2;6;4,6;7;;;;;*;*;*;*;;;;;;;;;;;;;;;;;;;;;;;;
REA3024;Rogaland;Forus friskole - Vgs;;;;;;;;;;;;;*;*;*;*;;;;;;;;;;;;;;;;;;;;;;;;
REA3024;Rogaland;Haugesund Toppidrettsgymnas AS;;;;;3,7;6;4,0;8;;;;;4,6;11;4,0;6;;;;;;;;;;;;;;;;;;;;;;;;
REA3024;Rogaland;Hetland videregående skole;;;;;4,0;17;4,3;8;;;;;*;*;4,2;9;;;;;;;;;;;;;;;;;;;;;;;;
REA3024;Rogaland;Kopervik videregående skole;;;;;*;*;*;*;;;;;2,8;11;3,2;10;;;;;;;;;;;;;;;;;;;;;;;;
REA3024;Rogaland;Lundeneset Vgs;;;;;*;*;*;*;;;;;*;*;*;*;;;;;;;;;;;;;;;;;;;;;;;;
REA3024;Rogaland;Randaberg videregående skole;;;;;*;*;*;*;;;;;*;*;*;*;;;;;;;;;;;;;;;;;;;;;;;;
REA3024;Rogaland;Sandnes videregående skole;;;;;3,6;47;4,4;24;;;;;*;*;*;*;;;;;;;;;;;;;;;;;;;;;;;;
REA3024;Rogaland;Sauda vidaregåande skule;;;;;*;*;4,1;8;;;;;*;*;*;*;;;;;;;;;;;;;;;;;;;;;;;;
REA3024;Rogaland;Skeisvang videregående skole;;;;;3,7;19;*;*;;;;;3,5;15;4,4;14;;;;;;;;;;;;;;;;;;;;;;;;
REA3024;Rogaland;Sola videregående skole;;;;;*;*;*;*;;;;;*;*;*;*;;;;;;;;;;;;;;;;;;;;;;;;
REA3024;Rogaland;St Svithun videregående skole;;;;;3,8;22;4,2;22;;;;;4,4;27;4,4;16;;;;;;;;;;;;;;;;;;;;;;;;
REA3024;Rogaland;St. Olav videregående skole;;;;;4,9;66;4,9;52;;;;;4,6;67;4,5;37;;;;;;;;;;;;;;;;;;;;;;;;
REA3024;Rogaland;Stavanger katedralskole;;;;;*;*;*;*;;;;;*;*;*;*;;;;;;;;;;;;;;;;;;;;;;;;
REA3024;Rogaland;Strand videregående skole;;;;;4,0;11;3,6;12;;;;;*;*;*;*;;;;;;;;;;;;;;;;;;;;;;;;
REA3024;Rogaland;Tryggheim vidaregåande skule;;;;;*;*;*;*;;;;;4,4;12;4,9;8;;;;;;;;;;;;;;;;;;;;;;;;
REA3024;Rogaland;Vardafjell videregående skole;;;;;3,7;13;*;*;;;;;2,3;7;3,9;8;;;;;;;;;;;;;;;;;;;;;;;;
REA3024;Rogaland;Wang Toppidrett Stavanger AS;;;;;*;*;*;*;;;;;*;*;*;*;;;;;;;;;;;;;;;;;;;;;;;;
REA3024;Rogaland;Ølen vidaregåande skule;;;;;*;*;*;*;;;;;*;*;*;*;;;;;;;;;;;;;;;;;;;;;;;;
REA3024;Telemark;Alle skoler;;;;;;;;;;;;;;;;;;;;;;;;;;;;;;;;;;;;;;;;
REA3024;Telemark;Bamble videregående skole;;;;;3,6;10;5,0;6;;;;;*;*;*;*;;;;;;;;;;;;;;;;;;;;;;;;
REA3024;Telemark;Bø vidaregåande skule;;;;;4,3;8;5,0;7;;;;;*;*;*;*;;;;;;;;;;;;;;;;;;;;;;;;
REA3024;Telemark;Kragerø videregående skole;;;;;*;*;*;*;;;;;;;;;;;;;;;;;;;;;;;;;;;;;;;;
REA3024;Telemark;Kvitsund gymnas;;;;;*;*;*;*;;;;;*;*;*;*;;;;;;;;;;;;;;;;;;;;;;;;
REA3024;Telemark;Notodden videregående skole;;;;;*;*;*;*;;;;;3,1;10;3,4;7;;;;;;;;;;;;;;;;;;;;;;;;
REA3024;Telemark;Porsgrunn videregående skole;;;;;*;*;*;*;;;;;*;*;4,1;14;;;;;;;;;;;;;;;;;;;;;;;;
REA3024;Telemark;Rjukan videregående skole;;;;;*;*;*;*;;;;;*;*;*;*;;;;;;;;;;;;;;;;;;;;;;;;
REA3024;Telemark;Skien videregående skole;;;;;3,4;25;3,9;33;;;;;3,9;29;4,3;21;;;;;;;;;;;;;;;;;;;;;;;;
REA3024;Telemark;Stiftelsen Telemark Toppidrett gymnas;;;;;*;*;*;*;;;;;*;*;*;*;;;;;;;;;;;;;;;;;;;;;;;;
REA3024;Telemark;Vest-Telemark vidaregåande skule;;;;;*;*;*;*;;;;;*;*;*;*;;;;;;;;;;;;;;;;;;;;;;;;
REA3024;Troms - Romsa - Tromssa ;Alle skoler;;;;;;;;;;;;;;;;;;;;;;;;;;;;;;;;;;;;;;;;
REA3024;Troms - Romsa - Tromssa ;Bardufoss videregående skole;;;;;*;*;*;*;;;;;*;*;*;*;;;;;;;;;;;;;;;;;;;;;;;;
REA3024;Troms - Romsa - Tromssa ;Heggen videregående skole;;;;;4,8;16;5,1;10;;;;;4,2;9;5,1;16;;;;;;;;;;;;;;;;;;;;;;;;
REA3024;Troms - Romsa - Tromssa ;Kongsbakken videregående skole;;;;;4,3;30;4,7;21;;;;;4,2;36;5,1;12;;;;;;;;;;;;;;;;;;;;;;;;
REA3024;Troms - Romsa - Tromssa ;Kvaløya videregående skole;;;;;*;*;*;*;;;;;*;*;*;*;;;;;;;;;;;;;;;;;;;;;;;;
REA3024;Troms - Romsa - Tromssa ;Nordborg Vgs;;;;;;;;;;;;;*;*;;;;;;;;;;;;;;;;;;;;;;;;;;
REA3024;Troms - Romsa - Tromssa ;Nordkjosbotn videregående skole;;;;;*;*;*;*;;;;;*;*;*;*;;;;;;;;;;;;;;;;;;;;;;;;
REA3024;Troms - Romsa - Tromssa ;Nord-Troms videregående skole avd Nordreisa;;;;;*;*;*;*;;;;;*;*;*;*;;;;;;;;;;;;;;;;;;;;;;;;
REA3024;Troms - Romsa - Tromssa ;Norges Toppidrettsgymnas Tromsø AS;;;;;*;*;*;*;;;;;*;*;*;*;;;;;;;;;;;;;;;;;;;;;;;;
REA3024;Troms - Romsa - Tromssa ;Senja videregående skole avd Finnfjordbotn;;;;;*;*;*;*;;;;;3,6;8;4,0;6;;;;;;;;;;;;;;;;;;;;;;;;
REA3024;Troms - Romsa - Tromssa ;Sjøvegan videregående skole;;;;;;;;;;;;;*;*;*;*;;;;;;;;;;;;;;;;;;;;;;;;
REA3024;Troms - Romsa - Tromssa ;Tromsdalen videregående skole;;;;;4,2;12;5,2;6;;;;;*;*;*;*;;;;;;;;;;;;;;;;;;;;;;;;
REA3024;Troms og Finnmark - Romsa ja Finnmárku - Tromssa ja Finmarkku (2020 - 2023);Alle skoler;;;;;4,3;123;4,7;91;;;;;*;*;*;*;;;;;;;;;;;;;;;;;;;;;;;;
REA3024;Troms og Finnmark - Romsa ja Finnmárku - Tromssa ja Finmarkku (2020 - 2023);Alta videregående skole;;;;;3,7;10;5,3;7;;;;;*;*;*;*;;;;;;;;;;;;;;;;;;;;;;;;
REA3024;Troms og Finnmark - Romsa ja Finnmárku - Tromssa ja Finmarkku (2020 - 2023);Bardufoss videregående skole;;;;;*;*;*;*;;;;;*;*;*;*;;;;;;;;;;;;;;;;;;;;;;;;
REA3024;Troms og Finnmark - Romsa ja Finnmárku - Tromssa ja Finmarkku (2020 - 2023);Hammerfest videregående skole;;;;;*;*;*;*;;;;;*;*;*;*;;;;;;;;;;;;;;;;;;;;;;;;
REA3024;Troms og Finnmark - Romsa ja Finnmárku - Tromssa ja Finmarkku (2020 - 2023);Heggen videregående skole;;;;;4,8;16;5,1;10;;;;;4,2;9;5,1;16;;;;;;;;;;;;;;;;;;;;;;;;
REA3024;Troms og Finnmark - Romsa ja Finnmárku - Tromssa ja Finmarkku (2020 - 2023);Kirkenes videregående skole;;;;;*;*;*;*;;;;;*;*;*;*;;;;;;;;;;;;;;;;;;;;;;;;
REA3024;Troms og Finnmark - Romsa ja Finnmárku - Tromssa ja Finmarkku (2020 - 2023);Kongsbakken videregående skole;;;;;4,3;30;4,7;21;;;;;4,2;36;5,1;12;;;;;;;;;;;;;;;;;;;;;;;;
REA3024;Troms og Finnmark - Romsa ja Finnmárku - Tromssa ja Finmarkku (2020 - 2023);Kvaløya videregående skole;;;;;*;*;*;*;;;;;*;*;*;*;;;;;;;;;;;;;;;;;;;;;;;;
REA3024;Troms og Finnmark - Romsa ja Finnmárku - Tromssa ja Finmarkku (2020 - 2023);Lakselv videregående skole;;;;;*;*;;;;;;;;;*;*;;;;;;;;;;;;;;;;;;;;;;;;
REA3024;Troms og Finnmark - Romsa ja Finnmárku - Tromssa ja Finmarkku (2020 - 2023);Longyearbyen skole Grunnskole;;;;;*;*;*;*;;;;;*;*;*;*;;;;;;;;;;;;;;;;;;;;;;;;
REA3024;Troms og Finnmark - Romsa ja Finnmárku - Tromssa ja Finmarkku (2020 - 2023);Nordborg Vgs;;;;;;;;;;;;;*;*;;;;;;;;;;;;;;;;;;;;;;;;;;
REA3024;Troms og Finnmark - Romsa ja Finnmárku - Tromssa ja Finmarkku (2020 - 2023);Nordkapp videregående skole;;;;;*;*;*;*;;;;;*;*;*;*;;;;;;;;;;;;;;;;;;;;;;;;
REA3024;Troms og Finnmark - Romsa ja Finnmárku - Tromssa ja Finmarkku (2020 - 2023);Nordkjosbotn videregående skole;;;;;*;*;*;*;;;;;*;*;*;*;;;;;;;;;;;;;;;;;;;;;;;;
REA3024;Troms og Finnmark - Romsa ja Finnmárku - Tromssa ja Finmarkku (2020 - 2023);Nord-Troms videregående skole avd Nordreisa;;;;;*;*;*;*;;;;;*;*;*;*;;;;;;;;;;;;;;;;;;;;;;;;
REA3024;Troms og Finnmark - Romsa ja Finnmárku - Tromssa ja Finmarkku (2020 - 2023);Norges Toppidrettsgymnas Tromsø AS;;;;;*;*;*;*;;;;;*;*;*;*;;;;;;;;;;;;;;;;;;;;;;;;
REA3024;Troms og Finnmark - Romsa ja Finnmárku - Tromssa ja Finmarkku (2020 - 2023);Samisk videregående skole Karasjok;;;;;*;*;;;;;;;*;*;*;*;;;;;;;;;;;;;;;;;;;;;;;;
REA3024;Troms og Finnmark - Romsa ja Finnmárku - Tromssa ja Finmarkku (2020 - 2023);Samisk videregående skole og reindriftsskole;;;;;*;*;;;;;;;*;*;;;;;;;;;;;;;;;;;;;;;;;;;;
REA3024;Troms og Finnmark - Romsa ja Finnmárku - Tromssa ja Finmarkku (2020 - 2023);Senja videregående skole avd Finnfjordbotn;;;;;*;*;*;*;;;;;3,6;8;4,0;6;;;;;;;;;;;;;;;;;;;;;;;;
REA3024;Troms og Finnmark - Romsa ja Finnmárku - Tromssa ja Finmarkku (2020 - 2023);Sjøvegan videregående skole;;;;;;;;;;;;;*;*;*;*;;;;;;;;;;;;;;;;;;;;;;;;
REA3024;Troms og Finnmark - Romsa ja Finnmárku - Tromssa ja Finmarkku (2020 - 2023);Tromsdalen videregående skole;;;;;4,2;12;5,2;6;;;;;*;*;*;*;;;;;;;;;;;;;;;;;;;;;;;;
REA3024;Troms og Finnmark - Romsa ja Finnmárku - Tromssa ja Finmarkku (2020 - 2023);Vadsø videregående skole;;;;;*;*;*;*;;;;;*;*;*;*;;;;;;;;;;;;;;;;;;;;;;;;
REA3024;Troms og Finnmark - Romsa ja Finnmárku - Tromssa ja Finmarkku (2020 - 2023);Vardø videregående skole;;;;;*;*;;;;;;;;;;;;;;;;;;;;;;;;;;;;;;;;;;
REA3024;Trøndelag - Trööndelage;Alle skoler;;;;;4,2;290;4,3;190;;;;;4,0;242;4,4;209;;;;;;;;;;;;;;;;;;;;;;;;
REA3024;Trøndelag - Trööndelage;Bybroen videregående skole AS;;;;;*;*;4,3;7;;;;;*;*;4,6;9;;;;;;;;;;;;;;;;;;;;;;;;
REA3024;Trøndelag - Trööndelage;Byåsen videregående skole;;;;;4,1;26;4,5;8;;;;;3,5;15;3,8;13;;;;;;;;;;;;;;;;;;;;;;;;
REA3024;Trøndelag - Trööndelage;Charlottenlund videregående skole;;;;;*;*;4,0;9;;;;;3,7;21;4,7;6;;;;;;;;;;;;;;;;;;;;;;;;
REA3024;Trøndelag - Trööndelage;Fosen videregående skole;;;;;*;*;*;*;;;;;;;*;*;;;;;;;;;;;;;;;;;;;;;;;;
REA3024;Trøndelag - Trööndelage;Gauldal videregående skole;;;;;*;*;*;*;;;;;*;*;*;*;;;;;;;;;;;;;;;;;;;;;;;;
REA3024;Trøndelag - Trööndelage;Grong videregående skole;;;;;*;*;*;*;;;;;*;*;*;*;;;;;;;;;;;;;;;;;;;;;;;;
REA3024;Trøndelag - Trööndelage;Guri Kunna videregående skole avd Hitra;;;;;*;*;*;*;;;;;*;*;*;*;;;;;;;;;;;;;;;;;;;;;;;;
REA3024;Trøndelag - Trööndelage;Heimdal videregående skole;;;;;4,6;15;3,8;6;;;;;4,2;10;*;*;;;;;;;;;;;;;;;;;;;;;;;;
REA3024;Trøndelag - Trööndelage;Inderøy videregående skole;;;;;*;*;*;*;;;;;;;;;;;;;;;;;;;;;;;;;;;;;;;;
REA3024;Trøndelag - Trööndelage;Johan Bojer videregående skole Skolested Leksvik;;;;;*;*;;;;;;;*;*;*;*;;;;;;;;;;;;;;;;;;;;;;;;
REA3024;Trøndelag - Trööndelage;Johan Bojer videregående skole Skolested Rissa;;;;;*;*;;;;;;;*;*;*;*;;;;;;;;;;;;;;;;;;;;;;;;
REA3024;Trøndelag - Trööndelage;Kristen videregående skole Trøndelag;;;;;4,5;24;4,4;16;;;;;3,5;22;3,9;14;;;;;;;;;;;;;;;;;;;;;;;;
REA3024;Trøndelag - Trööndelage;Kyrksæterøra videregående skole;;;;;;;*;*;;;;;;;*;*;;;;;;;;;;;;;;;;;;;;;;;;
REA3024;Trøndelag - Trööndelage;Levanger videregående skole;;;;;*;*;*;*;;;;;*;*;*;*;;;;;;;;;;;;;;;;;;;;;;;;
REA3024;Trøndelag - Trööndelage;Malvik videregående skole;;;;;*;*;*;*;;;;;*;*;*;*;;;;;;;;;;;;;;;;;;;;;;;;
REA3024;Trøndelag - Trööndelage;Melhus videregående skole;;;;;*;*;*;*;;;;;*;*;*;*;;;;;;;;;;;;;;;;;;;;;;;;
REA3024;Trøndelag - Trööndelage;Meråker videregående skole;;;;;;;;;;;;;*;*;*;*;;;;;;;;;;;;;;;;;;;;;;;;
REA3024;Trøndelag - Trööndelage;Olav Duun videregående skole;;;;;*;*;*;*;;;;;*;*;*;*;;;;;;;;;;;;;;;;;;;;;;;;
REA3024;Trøndelag - Trööndelage;Ole Vig videregående skole;;;;;3,9;14;4,4;14;;;;;4,1;19;4,3;20;;;;;;;;;;;;;;;;;;;;;;;;
REA3024;Trøndelag - Trööndelage;Oppdal videregående skole;;;;;*;*;5,2;10;;;;;*;*;4,0;9;;;;;;;;;;;;;;;;;;;;;;;;
REA3024;Trøndelag - Trööndelage;Orkdal vidaregåande skole;;;;;*;*;*;*;;;;;3,8;10;5,5;6;;;;;;;;;;;;;;;;;;;;;;;;
REA3024;Trøndelag - Trööndelage;Røros videregående skole;;;;;*;*;*;*;;;;;*;*;*;*;;;;;;;;;;;;;;;;;;;;;;;;
REA3024;Trøndelag - Trööndelage;Selbu videregående skole;;;;;*;*;*;*;;;;;*;*;*;*;;;;;;;;;;;;;;;;;;;;;;;;
REA3024;Trøndelag - Trööndelage;Steinkjer videregående skole;;;;;*;*;*;*;;;;;*;*;*;*;;;;;;;;;;;;;;;;;;;;;;;;
REA3024;Trøndelag - Trööndelage;Strinda videregående skole;;;;;*;*;4,0;8;;;;;3,2;25;*;*;;;;;;;;;;;;;;;;;;;;;;;;
REA3024;Trøndelag - Trööndelage;Thora Storm videregående skole;;;;;*;*;*;*;;;;;4,5;32;*;*;;;;;;;;;;;;;;;;;;;;;;;;
REA3024;Trøndelag - Trööndelage;Tiller videregående skole;;;;;*;*;*;*;;;;;*;*;;;;;;;;;;;;;;;;;;;;;;;;;;
REA3024;Trøndelag - Trööndelage;Trondheim katedralskole;;;;;4,4;27;4,2;17;;;;;*;*;*;*;;;;;;;;;;;;;;;;;;;;;;;;
REA3024;Trøndelag - Trööndelage;Verdal videregående skole;;;;;*;*;*;*;;;;;;;*;*;;;;;;;;;;;;;;;;;;;;;;;;
REA3024;Trøndelag - Trööndelage;Ytre Namdal videregående skole;;;;;*;*;*;*;;;;;*;*;*;*;;;;;;;;;;;;;;;;;;;;;;;;
REA3024;Trøndelag - Trööndelage;Åfjord videregående skole;;;;;*;*;;;;;;;*;*;*;*;;;;;;;;;;;;;;;;;;;;;;;;
REA3024;Vestfold;Alle skoler;;;;;;;;;;;;;;;;;;;;;;;;;;;;;;;;;;;;;;;;
REA3024;Vestfold;Greveskogen videregående skole;;;;;3,9;24;4,5;14;;;;;3,7;21;3,7;10;;;;;;;;;;;;;;;;;;;;;;;;
REA3024;Vestfold;Holmestrand videregående skole;;;;;*;*;*;*;;;;;4,5;10;;;;;;;;;;;;;;;;;;;;;;;;;;
REA3024;Vestfold;Horten videregående skole;;;;;4,7;15;5,1;7;;;;;*;*;*;*;;;;;*;*;;;;;;;;;;;;;;;;;;
REA3024;Vestfold;Nøtterøy videregående skole;;;;;4,2;19;4,6;9;;;;;4,0;22;4,6;8;;;;;;;;;;;;;;;;;;;;;;;;
REA3024;Vestfold;Re videregående skole;;;;;4,3;15;3,6;7;;;;;4,5;11;3,9;8;;;;;;;;;;;;;;;;;;;;;;;;
REA3024;Vestfold;Sande videregående skole;;;;;3,9;10;4,0;6;;;;;*;*;*;*;;;;;;;;;;;;;;;;;;;;;;;;
REA3024;Vestfold;Sandefjord videregående skole;;;;;4,4;18;*;*;;;;;*;*;*;*;;;;;;;;;;;;;;;;;;;;;;;;
REA3024;Vestfold;Thor Heyerdahl videregående skole;;;;;3,8;18;4,3;24;;;;;4,3;19;3,4;12;;;;;;;;;;;;;;;;;;;;;;;;
REA3024;Vestfold;Wang Tønsberg AS;;;;;4,7;9;3,7;10;;;;;3,8;12;4,3;8;;;;;;;;;;;;;;;;;;;;;;;;
REA3024;Vestfold og Telemark (2020 - 2023);Alle skoler;;;;;*;*;*;*;;;;;4,0;247;4,2;145;;;;;*;*;;;;;;;;;;;;;;;;;;
REA3024;Vestfold og Telemark (2020 - 2023);Bamble videregående skole;;;;;3,6;10;5,0;6;;;;;*;*;*;*;;;;;;;;;;;;;;;;;;;;;;;;
REA3024;Vestfold og Telemark (2020 - 2023);Bø vidaregåande skule;;;;;4,3;8;5,0;7;;;;;*;*;*;*;;;;;;;;;;;;;;;;;;;;;;;;
REA3024;Vestfold og Telemark (2020 - 2023);Greveskogen videregående skole;;;;;3,9;24;4,5;14;;;;;3,7;21;3,7;10;;;;;;;;;;;;;;;;;;;;;;;;
REA3024;Vestfold og Telemark (2020 - 2023);Holmestrand videregående skole;;;;;*;*;*;*;;;;;4,5;10;;;;;;;;;;;;;;;;;;;;;;;;;;
REA3024;Vestfold og Telemark (2020 - 2023);Horten videregående skole;;;;;4,7;15;5,1;7;;;;;*;*;*;*;;;;;*;*;;;;;;;;;;;;;;;;;;
REA3024;Vestfold og Telemark (2020 - 2023);Kragerø videregående skole;;;;;*;*;*;*;;;;;;;;;;;;;;;;;;;;;;;;;;;;;;;;
REA3024;Vestfold og Telemark (2020 - 2023);Kvitsund gymnas;;;;;*;*;*;*;;;;;*;*;*;*;;;;;;;;;;;;;;;;;;;;;;;;
REA3024;Vestfold og Telemark (2020 - 2023);Notodden videregående skole;;;;;*;*;*;*;;;;;3,1;10;3,4;7;;;;;;;;;;;;;;;;;;;;;;;;
REA3024;Vestfold og Telemark (2020 - 2023);Nøtterøy videregående skole;;;;;4,2;19;4,6;9;;;;;4,0;22;4,6;8;;;;;;;;;;;;;;;;;;;;;;;;
REA3024;Vestfold og Telemark (2020 - 2023);Porsgrunn videregående skole;;;;;*;*;*;*;;;;;*;*;4,1;14;;;;;;;;;;;;;;;;;;;;;;;;
REA3024;Vestfold og Telemark (2020 - 2023);Re videregående skole;;;;;4,3;15;3,6;7;;;;;4,5;11;3,9;8;;;;;;;;;;;;;;;;;;;;;;;;
REA3024;Vestfold og Telemark (2020 - 2023);Rjukan videregående skole;;;;;*;*;*;*;;;;;*;*;*;*;;;;;;;;;;;;;;;;;;;;;;;;
REA3024;Vestfold og Telemark (2020 - 2023);Sande videregående skole;;;;;3,9;10;4,0;6;;;;;*;*;*;*;;;;;;;;;;;;;;;;;;;;;;;;
REA3024;Vestfold og Telemark (2020 - 2023);Sandefjord videregående skole;;;;;4,4;18;*;*;;;;;*;*;*;*;;;;;;;;;;;;;;;;;;;;;;;;
REA3024;Vestfold og Telemark (2020 - 2023);Skien videregående skole;;;;;3,4;25;3,9;33;;;;;3,9;29;4,3;21;;;;;;;;;;;;;;;;;;;;;;;;
REA3024;Vestfold og Telemark (2020 - 2023);Stiftelsen Telemark Toppidrett gymnas;;;;;*;*;*;*;;;;;*;*;*;*;;;;;;;;;;;;;;;;;;;;;;;;
REA3024;Vestfold og Telemark (2020 - 2023);Thor Heyerdahl videregående skole;;;;;3,8;18;4,3;24;;;;;4,3;19;3,4;12;;;;;;;;;;;;;;;;;;;;;;;;
REA3024;Vestfold og Telemark (2020 - 2023);Vest-Telemark vidaregåande skule;;;;;*;*;*;*;;;;;*;*;*;*;;;;;;;;;;;;;;;;;;;;;;;;
REA3024;Vestfold og Telemark (2020 - 2023);Wang Tønsberg AS;;;;;4,7;9;3,7;10;;;;;3,8;12;4,3;8;;;;;;;;;;;;;;;;;;;;;;;;
REA3024;Vestland;Alle skoler;;;;;3,9;451;4,3;301;;;;;4,2;416;4,5;336;;;;;;;;;;;;;;;;;;;;;;;;
REA3024;Vestland;Akademiet Vgs Bergen AS;;;;;;;;;;;;;*;*;;;;;;;;;;;;;;;;;;;;;;;;;;
REA3024;Vestland;Amalie Skram videregående skole;;;;;4,3;43;4,7;34;;;;;*;*;4,4;53;;;;;;;;;;;;;;;;;;;;;;;;
REA3024;Vestland;Arna vidaregåande skule;;;;;*;*;*;*;;;;;*;*;*;*;;;;;;;;;;;;;;;;;;;;;;;;
REA3024;Vestland;Askøy videregående skole;;;;;3,9;10;5,0;6;;;;;*;*;*;*;;;;;;;;;;;;;;;;;;;;;;;;
REA3024;Vestland;Austrheim vidaregåande skule;;;;;*;*;;;;;;;;;*;*;;;;;;;;;;;;;;;;;;;;;;;;
REA3024;Vestland;Bergen katedralskole;;;;;3,9;27;4,1;27;;;;;4,1;20;4,3;15;;;;;;;;;;;;;;;;;;;;;;;;
REA3024;Vestland;Bergen private gymnas AS;;;;;3,4;7;4,2;6;;;;;3,6;15;*;*;;;;;;;;;;;;;;;;;;;;;;;;
REA3024;Vestland;Bømlo vidaregåande skule;;;;;3,3;9;3,7;7;;;;;*;*;*;*;;;;;;;;;;;;;;;;;;;;;;;;
REA3024;Vestland;Dale vidaregåande skule;;;;;*;*;*;*;;;;;4,5;6;4,3;13;;;;;;;;;;;;;;;;;;;;;;;;
REA3024;Vestland;Danielsen Intensivgymnas;;;;;3,4;37;3,6;13;;;;;3,9;18;4,6;20;;;;;;;;;;;;;;;;;;;;;;;;
REA3024;Vestland;Danielsen videregående skole;;;;;4,2;21;4,6;17;;;;;4,1;13;4,7;6;;;;;;;;;;;;;;;;;;;;;;;;
REA3024;Vestland;Eid vidaregåande skule;;;;;*;*;*;*;;;;;*;*;*;*;;;;;;;;;;;;;;;;;;;;;;;;
REA3024;Vestland;Firda vidaregåande skule;;;;;*;*;*;*;;;;;*;*;*;*;;;;;;;;;;;;;;;;;;;;;;;;
REA3024;Vestland;Flora vidaregåande skule;;;;;3,9;11;3,5;8;;;;;*;*;*;*;;;;;;;;;;;;;;;;;;;;;;;;
REA3024;Vestland;Framnes Kristne vidaregåande skule;;;;;*;*;4,5;6;;;;;*;*;*;*;;;;;;;;;;;;;;;;;;;;;;;;
REA3024;Vestland;Fusa vidaregåande skule;;;;;*;*;*;*;;;;;*;*;*;*;;;;;;;;;;;;;;;;;;;;;;;;
REA3024;Vestland;Fyllingsdalen videregående skole;;;;;*;*;*;*;;;;;*;*;*;*;;;;;;;;;;;;;;;;;;;;;;;;
REA3024;Vestland;Hafstad videregående skule;;;;;2,7;7;4,5;6;;;;;4,3;16;4,6;16;;;;;;;;;;;;;;;;;;;;;;;;
REA3024;Vestland;Høyanger vidaregåande skule;;;;;*;*;*;*;;;;;*;*;*;*;;;;;;;;;;;;;;;;;;;;;;;;
REA3024;Vestland;Knarvik vidaregåande skule;;;;;3,5;17;3,3;7;;;;;*;*;*;*;;;;;;;;;;;;;;;;;;;;;;;;
REA3024;Vestland;Kvam vidaregåande skule;;;;;*;*;*;*;;;;;3,9;7;3,9;8;;;;;;;;;;;;;;;;;;;;;;;;
REA3024;Vestland;Kvinnherad vidaregåande skule;;;;;4,0;6;3,8;8;;;;;*;*;*;*;;;;;;;;;;;;;;;;;;;;;;;;
REA3024;Vestland;Langhaugen videregående skole;;;;;*;*;5,0;8;;;;;4,0;20;*;*;;;;;;;;;;;;;;;;;;;;;;;;
REA3024;Vestland;Metis videregående AS;;;;;*;*;5,1;7;;;;;4,5;22;4,9;9;;;;;;;;;;;;;;;;;;;;;;;;
REA3024;Vestland;Måløy vidaregåande skule;;;;;*;*;*;*;;;;;*;*;*;*;;;;;;;;;;;;;;;;;;;;;;;;
REA3024;Vestland;Nordahl Grieg videregående skole;;;;;3,8;46;4,0;22;;;;;*;*;5,1;20;;;;;;;;;;;;;;;;;;;;;;;;
REA3024;Vestland;Odda vidaregåande skule;;;;;*;*;*;*;;;;;*;*;*;*;;;;;;;;;;;;;;;;;;;;;;;;
REA3024;Vestland;Olsvikåsen videregående skole;;;;;3,7;7;*;*;;;;;*;*;4,5;15;;;;;;;;;;;;;;;;;;;;;;;;
REA3024;Vestland;Os gymnas;;;;;3,9;9;4,7;6;;;;;*;*;*;*;;;;;;;;;;;;;;;;;;;;;;;;
REA3024;Vestland;Osterøy vidaregåande skule;;;;;*;*;;;;;;;;;5,0;6;;;;;;;;;;;;;;;;;;;;;;;;
REA3024;Vestland;Sandsli videregående skole;;;;;4,3;24;5,1;15;;;;;3,6;23;4,4;11;;;;;;;;;;;;;;;;;;;;;;;;
REA3024;Vestland;Sogndal vidaregåande skule;;;;;4,1;9;3,9;10;;;;;4,3;16;4,6;10;;;;;;;;;;;;;;;;;;;;;;;;
REA3024;Vestland;Sotra vidaregåande skule;;;;;2,8;12;3,9;10;;;;;3,8;11;4,4;8;;;;;;;;;;;;;;;;;;;;;;;;
REA3024;Vestland;St. Paul gymnas;;;;;*;*;*;*;;;;;3,3;6;4,4;12;;;;;;;;;;;;;;;;;;;;;;;;
REA3024;Vestland;Stord vidaregåande skule;;;;;4,7;6;*;*;;;;;*;*;*;*;;;;;;;;;;;;;;;;;;;;;;;;
REA3024;Vestland;Stryn vidaregåande skule;;;;;*;*;*;*;;;;;4,4;7;3,8;15;;;;;;;;;;;;;;;;;;;;;;;;
REA3024;Vestland;Sygna Vgs;;;;;*;*;*;*;;;;;;;*;*;;;;;;;;;;;;;;;;;;;;;;;;
REA3024;Vestland;Tertnes vidaregåande skule;;;;;4,1;26;3,5;11;;;;;3,9;14;4,6;8;;;;;;;;;;;;;;;;;;;;;;;;
REA3024;Vestland;Voss gymnas;;;;;*;*;4,6;8;;;;;*;*;*;*;;;;;;;;;;;;;;;;;;;;;;;;
REA3024;Vestland;Årdal vidaregåande skule;;;;;*;*;*;*;;;;;*;*;*;*;;;;;;;;;;;;;;;;;;;;;;;;
REA3024;Vestland;Årstad videregående skole;;;;;*;*;;;;;;;;;*;*;;;;;;;;;;;;;;;;;;;;;;;;
REA3024;Viken (2020 - 2023);Alle skoler;;;;;4,1;828;4,6;514;;;;;4,3;782;4,5;529;;;;;;;;;;;;;;;;;;;;;;;;
REA3024;Viken (2020 - 2023);Akademiet Drammen AS;;;;;*;*;*;*;;;;;*;*;*;*;;;;;;;;;;;;;;;;;;;;;;;;
REA3024;Viken (2020 - 2023);Akademiet Ypsilon videregående skole AS;;;;;2,8;8;5,0;6;;;;;4,1;7;3,9;8;;;;;;;;;;;;;;;;;;;;;;;;
REA3024;Viken (2020 - 2023);Asker videregående skole;;;;;4,8;29;4,3;32;;;;;*;*;4,9;32;;;;;;;;;;;;;;;;;;;;;;;;
REA3024;Viken (2020 - 2023);Askim videregående skole;;;;;3,1;13;4,0;7;;;;;*;*;*;*;;;;;;;;;;;;;;;;;;;;;;;;
REA3024;Viken (2020 - 2023);Bjertnes videregående skole;;;;;*;*;*;*;;;;;4,2;14;4,9;7;;;;;;;;;;;;;;;;;;;;;;;;
REA3024;Viken (2020 - 2023);Bjørkelangen videregående skole;;;;;*;*;*;*;;;;;*;*;*;*;;;;;;;;;;;;;;;;;;;;;;;;
REA3024;Viken (2020 - 2023);Briskeby videregående skole AS;;;;;*;*;;;;;;;;;;;;;;;;;;;;;;;;;;;;;;;;;;
REA3024;Viken (2020 - 2023);Buskerud videregående skole;;;;;*;*;*;*;;;;;*;*;*;*;;;;;;;;;;;;;;;;;;;;;;;;
REA3024;Viken (2020 - 2023);Drammen videregående skole;;;;;*;*;*;*;;;;;*;*;*;*;;;;;;;;;;;;;;;;;;;;;;;;
REA3024;Viken (2020 - 2023);Dønski videregående skole;;;;;*;*;*;*;;;;;3,5;8;*;*;;;;;;;;;;;;;;;;;;;;;;;;
REA3024;Viken (2020 - 2023);Eidsvoll videregående skole;;;;;*;*;*;*;;;;;*;*;*;*;;;;;;;;;;;;;;;;;;;;;;;;
REA3024;Viken (2020 - 2023);Eikeli videregående skole;;;;;*;*;*;*;;;;;*;*;*;*;;;;;;;;;;;;;;;;;;;;;;;;
REA3024;Viken (2020 - 2023);Eiker videregående skole;;;;;*;*;*;*;;;;;3,7;14;3,9;7;;;;;;;;;;;;;;;;;;;;;;;;
REA3024;Viken (2020 - 2023);Frederik Ii videregående skole;;;;;*;*;5,0;8;;;;;3,3;13;*;*;;;;;;;;;;;;;;;;;;;;;;;;
REA3024;Viken (2020 - 2023);Frogn videregående skole;;;;;4,5;15;3,9;11;;;;;3,7;14;4,7;7;;;;;;;;;;;;;;;;;;;;;;;;
REA3024;Viken (2020 - 2023);Gol vidaregåande skule;;;;;4,0;7;3,9;9;;;;;*;*;*;*;;;;;;;;;;;;;;;;;;;;;;;;
REA3024;Viken (2020 - 2023);Greåker videregående skole;;;;;4,2;29;4,3;18;;;;;4,5;33;4,1;18;;;;;;;;;;;;;;;;;;;;;;;;
REA3024;Viken (2020 - 2023);Halden videregående skole;;;;;3,9;20;4,3;7;;;;;3,9;14;4,7;6;;;;;;;;;;;;;;;;;;;;;;;;
REA3024;Viken (2020 - 2023);Hans Nielsen Hauge videregående skole;;;;;*;*;*;*;;;;;*;*;*;*;;;;;;;;;;;;;;;;;;;;;;;;
REA3024;Viken (2020 - 2023);Hoppensprett Akademiet Vgs Jessheim AS;;;;;*;*;;;;;;;*;*;;;;;;;;;;;;;;;;;;;;;;;;;;
REA3024;Viken (2020 - 2023);Jessheim videregående skole;;;;;4,4;22;4,5;21;;;;;4,5;15;4,8;24;;;;;;;;;;;;;;;;;;;;;;;;
REA3024;Viken (2020 - 2023);Kirkeparken videregående skole;;;;;3,8;14;*;*;;;;;*;*;*;*;;;;;;;;;;;;;;;;;;;;;;;;
REA3024;Viken (2020 - 2023);Kongsberg videregående skole;;;;;*;*;*;*;;;;;*;*;*;*;;;;;;;;;;;;;;;;;;;;;;;;
REA3024;Viken (2020 - 2023);Lillestrøm videregående skole;;;;;4,0;33;4,6;29;;;;;4,6;37;4,5;27;;;;;;;;;;;;;;;;;;;;;;;;
REA3024;Viken (2020 - 2023);Lørenskog videregående skole;;;;;*;*;*;*;;;;;*;*;*;*;;;;;;;;;;;;;;;;;;;;;;;;
REA3024;Viken (2020 - 2023);Mailand videregående skole;;;;;3,3;26;4,0;8;;;;;3,6;21;4,6;14;;;;;;;;;;;;;;;;;;;;;;;;
REA3024;Viken (2020 - 2023);Malakoff videregående skole;;;;;*;*;*;*;;;;;*;*;*;*;;;;;;;;;;;;;;;;;;;;;;;;
REA3024;Viken (2020 - 2023);Mysen videregående skole;;;;;*;*;*;*;;;;;*;*;*;*;;;;;;;;;;;;;;;;;;;;;;;;
REA3024;Viken (2020 - 2023);Nadderud videregående skole;;;;;4,5;32;5,0;28;;;;;*;*;4,6;28;;;;;;;;;;;;;;;;;;;;;;;;
REA3024;Viken (2020 - 2023);Nannestad videregående skole;;;;;4,3;10;4,4;9;;;;;*;*;*;*;;;;;;;;;;;;;;;;;;;;;;;;
REA3024;Viken (2020 - 2023);Nes videregående skole;;;;;*;*;*;*;;;;;*;*;*;*;;;;;;;;;;;;;;;;;;;;;;;;
REA3024;Viken (2020 - 2023);Nesbru videregående skole;;;;;*;*;*;*;;;;;3,7;9;*;*;;;;;;;;;;;;;;;;;;;;;;;;
REA3024;Viken (2020 - 2023);Nesodden videregående skole;;;;;4,2;16;5,1;10;;;;;4,3;12;4,1;14;;;;;;;;;;;;;;;;;;;;;;;;
REA3024;Viken (2020 - 2023);Norges Realfagsgymnas Sandvika AS;;;;;*;*;*;*;;;;;*;*;*;*;;;;;;;;;;;;;;;;;;;;;;;;
REA3024;Viken (2020 - 2023);Norges Toppidrettsgymnas Bærum AS;;;;;4,5;21;4,4;9;;;;;3,8;25;4,5;15;;;;;;;;;;;;;;;;;;;;;;;;
REA3024;Viken (2020 - 2023);Norges Toppidrettsgymnas Geilo AS;;;;;*;*;*;*;;;;;*;*;4,3;7;;;;;;;;;;;;;;;;;;;;;;;;
REA3024;Viken (2020 - 2023);Numedal videregående skole;;;;;*;*;*;*;;;;;*;*;*;*;;;;;;;;;;;;;;;;;;;;;;;;
REA3024;Viken (2020 - 2023);Ringerike videregående skole;;;;;3,3;10;4,8;11;;;;;3,8;8;4,0;8;;;;;;;;;;;;;;;;;;;;;;;;
REA3024;Viken (2020 - 2023);Roald Amundsen videregående skole;;;;;*;*;*;*;;;;;*;*;*;*;;;;;;;;;;;;;;;;;;;;;;;;
REA3024;Viken (2020 - 2023);Rosenvilde videregående skole;;;;;*;*;*;*;;;;;*;*;*;*;;;;;;;;;;;;;;;;;;;;;;;;
REA3024;Viken (2020 - 2023);Rælingen videregående skole;;;;;*;*;*;*;;;;;*;*;*;*;;;;;;;;;;;;;;;;;;;;;;;;
REA3024;Viken (2020 - 2023);Røyken videregående skole;;;;;*;*;*;*;;;;;4,0;6;3,7;6;;;;;;;;;;;;;;;;;;;;;;;;
REA3024;Viken (2020 - 2023);Sandvika videregående skole;;;;;4,2;38;4,6;22;;;;;4,3;36;4,2;13;;;;;;;;;;;;;;;;;;;;;;;;
REA3024;Viken (2020 - 2023);Skedsmo videregående skole;;;;;4,2;18;4,6;7;;;;;*;*;*;*;;;;;;;;;;;;;;;;;;;;;;;;
REA3024;Viken (2020 - 2023);Ski videregående skole;;;;;*;*;5,0;8;;;;;*;*;4,9;20;;;;;;;;;;;;;;;;;;;;;;;;
REA3024;Viken (2020 - 2023);St Hallvard videregående skole;;;;;4,1;22;4,5;11;;;;;3,7;14;4,3;9;;;;;;;;;;;;;;;;;;;;;;;;
REA3024;Viken (2020 - 2023);St. Olav videregående skole;;;;;3,5;15;4,9;14;;;;;3,8;13;4,2;6;;;;;;;;;;;;;;;;;;;;;;;;
REA3024;Viken (2020 - 2023);Stabekk videregående skole;;;;;*;*;*;*;;;;;4,2;12;4,8;11;;;;;;;;;;;;;;;;;;;;;;;;
REA3024;Viken (2020 - 2023);Sørumsand videregående skole;;;;;*;*;*;*;;;;;*;*;*;*;;;;;;;;;;;;;;;;;;;;;;;;
REA3024;Viken (2020 - 2023);Tyrifjord videregående skole;;;;;*;*;*;*;;;;;*;*;*;*;;;;;;;;;;;;;;;;;;;;;;;;
REA3024;Viken (2020 - 2023);Valler videregående skole;;;;;4,5;49;4,8;38;;;;;5,2;35;4,9;45;;;;;;;;;;;;;;;;;;;;;;;;
REA3024;Viken (2020 - 2023);Vestby videregående skole;;;;;*;*;*;*;;;;;*;*;*;*;;;;;;;;;;;;;;;;;;;;;;;;
REA3024;Viken (2020 - 2023);Wang Fredrikstad AS;;;;;*;*;*;*;;;;;*;*;*;*;;;;;;;;;;;;;;;;;;;;;;;;
REA3024;Viken (2020 - 2023);Wang Romerike AS;;;;;;;;;;;;;*;*;;;;;;;;;;;;;;;;;;;;;;;;;;
REA3024;Viken (2020 - 2023);Ås videregående skole;;;;;*;*;*;*;;;;;*;*;*;*;;;;;;;;;;;;;;;;;;;;;;;;
REA3024;Østfold;Alle skoler;;;;;;;;;;;;;;;;;;;;;;;;;;;;;;;;;;;;;;;;
REA3024;Østfold;Askim videregående skole;;;;;3,1;13;4,0;7;;;;;*;*;*;*;;;;;;;;;;;;;;;;;;;;;;;;
REA3024;Østfold;Frederik Ii videregående skole;;;;;*;*;5,0;8;;;;;3,3;13;*;*;;;;;;;;;;;;;;;;;;;;;;;;
REA3024;Østfold;Greåker videregående skole;;;;;4,2;29;4,3;18;;;;;4,5;33;4,1;18;;;;;;;;;;;;;;;;;;;;;;;;
REA3024;Østfold;Halden videregående skole;;;;;3,9;20;4,3;7;;;;;3,9;14;4,7;6;;;;;;;;;;;;;;;;;;;;;;;;
REA3024;Østfold;Hans Nielsen Hauge videregående skole;;;;;*;*;*;*;;;;;*;*;*;*;;;;;;;;;;;;;;;;;;;;;;;;
REA3024;Østfold;Kirkeparken videregående skole;;;;;3,8;14;*;*;;;;;*;*;*;*;;;;;;;;;;;;;;;;;;;;;;;;
REA3024;Østfold;Malakoff videregående skole;;;;;*;*;*;*;;;;;*;*;*;*;;;;;;;;;;;;;;;;;;;;;;;;
REA3024;Østfold;Mysen videregående skole;;;;;*;*;*;*;;;;;*;*;*;*;;;;;;;;;;;;;;;;;;;;;;;;
REA3024;Østfold;St. Olav videregående skole;;;;;3,5;15;4,9;14;;;;;3,8;13;4,2;6;;;;;;;;;;;;;;;;;;;;;;;;
REA3024;Østfold;Wang Fredrikstad AS;;;;;*;*;*;*;;;;;*;*;*;*;;;;;;;;;;;;;;;;;;;;;;;;
